,IdFeedBack,Prediction
0,S01_Sess01_FB001,1.0
1,S01_Sess01_FB002,1.0
2,S01_Sess01_FB003,1.0
3,S01_Sess01_FB004,1.0
4,S01_Sess01_FB005,1.0
5,S01_Sess01_FB006,1.0
6,S01_Sess01_FB007,1.0
7,S01_Sess01_FB008,1.0
8,S01_Sess01_FB009,1.0
9,S01_Sess01_FB010,1.0
10,S01_Sess01_FB011,1.0
11,S01_Sess01_FB012,1.0
12,S01_Sess01_FB013,1.0
13,S01_Sess01_FB014,1.0
14,S01_Sess01_FB015,1.0
15,S01_Sess01_FB016,1.0
16,S01_Sess01_FB017,1.0
17,S01_Sess01_FB018,1.0
18,S01_Sess01_FB019,1.0
19,S01_Sess01_FB020,0.0
20,S01_Sess01_FB021,1.0
21,S01_Sess01_FB022,1.0
22,S01_Sess01_FB023,1.0
23,S01_Sess01_FB024,1.0
24,S01_Sess01_FB025,1.0
25,S01_Sess01_FB026,1.0
26,S01_Sess01_FB027,1.0
27,S01_Sess01_FB028,0.0
28,S01_Sess01_FB029,1.0
29,S01_Sess01_FB030,1.0
30,S01_Sess01_FB031,1.0
31,S01_Sess01_FB032,1.0
32,S01_Sess01_FB033,1.0
33,S01_Sess01_FB034,1.0
34,S01_Sess01_FB035,1.0
35,S01_Sess01_FB036,1.0
36,S01_Sess01_FB037,1.0
37,S01_Sess01_FB038,1.0
38,S01_Sess01_FB039,1.0
39,S01_Sess01_FB040,1.0
40,S01_Sess01_FB041,1.0
41,S01_Sess01_FB042,0.0
42,S01_Sess01_FB043,1.0
43,S01_Sess01_FB044,1.0
44,S01_Sess01_FB045,1.0
45,S01_Sess01_FB046,1.0
46,S01_Sess01_FB047,1.0
47,S01_Sess01_FB048,1.0
48,S01_Sess01_FB049,1.0
49,S01_Sess01_FB050,1.0
50,S01_Sess01_FB051,1.0
51,S01_Sess01_FB052,1.0
52,S01_Sess01_FB053,1.0
53,S01_Sess01_FB054,1.0
54,S01_Sess01_FB055,1.0
55,S01_Sess01_FB056,1.0
56,S01_Sess01_FB057,1.0
57,S01_Sess01_FB058,1.0
58,S01_Sess01_FB059,1.0
59,S01_Sess01_FB060,1.0
60,S01_Sess02_FB001,1.0
61,S01_Sess02_FB002,1.0
62,S01_Sess02_FB003,0.0
63,S01_Sess02_FB004,1.0
64,S01_Sess02_FB005,1.0
65,S01_Sess02_FB006,1.0
66,S01_Sess02_FB007,1.0
67,S01_Sess02_FB008,1.0
68,S01_Sess02_FB009,1.0
69,S01_Sess02_FB010,1.0
70,S01_Sess02_FB011,1.0
71,S01_Sess02_FB012,0.0
72,S01_Sess02_FB013,1.0
73,S01_Sess02_FB014,1.0
74,S01_Sess02_FB015,0.0
75,S01_Sess02_FB016,1.0
76,S01_Sess02_FB017,0.0
77,S01_Sess02_FB018,1.0
78,S01_Sess02_FB019,1.0
79,S01_Sess02_FB020,1.0
80,S01_Sess02_FB021,1.0
81,S01_Sess02_FB022,1.0
82,S01_Sess02_FB023,0.0
83,S01_Sess02_FB024,1.0
84,S01_Sess02_FB025,1.0
85,S01_Sess02_FB026,1.0
86,S01_Sess02_FB027,1.0
87,S01_Sess02_FB028,1.0
88,S01_Sess02_FB029,1.0
89,S01_Sess02_FB030,1.0
90,S01_Sess02_FB031,1.0
91,S01_Sess02_FB032,1.0
92,S01_Sess02_FB033,1.0
93,S01_Sess02_FB034,1.0
94,S01_Sess02_FB035,1.0
95,S01_Sess02_FB036,1.0
96,S01_Sess02_FB037,1.0
97,S01_Sess02_FB038,1.0
98,S01_Sess02_FB039,1.0
99,S01_Sess02_FB040,1.0
100,S01_Sess02_FB041,1.0
101,S01_Sess02_FB042,1.0
102,S01_Sess02_FB043,1.0
103,S01_Sess02_FB044,1.0
104,S01_Sess02_FB045,1.0
105,S01_Sess02_FB046,0.0
106,S01_Sess02_FB047,1.0
107,S01_Sess02_FB048,1.0
108,S01_Sess02_FB049,1.0
109,S01_Sess02_FB050,1.0
110,S01_Sess02_FB051,1.0
111,S01_Sess02_FB052,1.0
112,S01_Sess02_FB053,1.0
113,S01_Sess02_FB054,1.0
114,S01_Sess02_FB055,1.0
115,S01_Sess02_FB056,1.0
116,S01_Sess02_FB057,1.0
117,S01_Sess02_FB058,1.0
118,S01_Sess02_FB059,1.0
119,S01_Sess02_FB060,1.0
120,S01_Sess03_FB001,1.0
121,S01_Sess03_FB002,1.0
122,S01_Sess03_FB003,1.0
123,S01_Sess03_FB004,1.0
124,S01_Sess03_FB005,1.0
125,S01_Sess03_FB006,1.0
126,S01_Sess03_FB007,1.0
127,S01_Sess03_FB008,1.0
128,S01_Sess03_FB009,1.0
129,S01_Sess03_FB010,0.0
130,S01_Sess03_FB011,1.0
131,S01_Sess03_FB012,1.0
132,S01_Sess03_FB013,0.0
133,S01_Sess03_FB014,1.0
134,S01_Sess03_FB015,0.0
135,S01_Sess03_FB016,1.0
136,S01_Sess03_FB017,1.0
137,S01_Sess03_FB018,1.0
138,S01_Sess03_FB019,1.0
139,S01_Sess03_FB020,1.0
140,S01_Sess03_FB021,1.0
141,S01_Sess03_FB022,1.0
142,S01_Sess03_FB023,1.0
143,S01_Sess03_FB024,1.0
144,S01_Sess03_FB025,1.0
145,S01_Sess03_FB026,1.0
146,S01_Sess03_FB027,1.0
147,S01_Sess03_FB028,1.0
148,S01_Sess03_FB029,1.0
149,S01_Sess03_FB030,1.0
150,S01_Sess03_FB031,1.0
151,S01_Sess03_FB032,1.0
152,S01_Sess03_FB033,1.0
153,S01_Sess03_FB034,1.0
154,S01_Sess03_FB035,1.0
155,S01_Sess03_FB036,1.0
156,S01_Sess03_FB037,1.0
157,S01_Sess03_FB038,1.0
158,S01_Sess03_FB039,1.0
159,S01_Sess03_FB040,1.0
160,S01_Sess03_FB041,1.0
161,S01_Sess03_FB042,1.0
162,S01_Sess03_FB043,1.0
163,S01_Sess03_FB044,1.0
164,S01_Sess03_FB045,1.0
165,S01_Sess03_FB046,0.0
166,S01_Sess03_FB047,1.0
167,S01_Sess03_FB048,1.0
168,S01_Sess03_FB049,1.0
169,S01_Sess03_FB050,1.0
170,S01_Sess03_FB051,1.0
171,S01_Sess03_FB052,1.0
172,S01_Sess03_FB053,1.0
173,S01_Sess03_FB054,1.0
174,S01_Sess03_FB055,1.0
175,S01_Sess03_FB056,1.0
176,S01_Sess03_FB057,1.0
177,S01_Sess03_FB058,1.0
178,S01_Sess03_FB059,1.0
179,S01_Sess03_FB060,1.0
180,S01_Sess04_FB001,1.0
181,S01_Sess04_FB002,1.0
182,S01_Sess04_FB003,1.0
183,S01_Sess04_FB004,1.0
184,S01_Sess04_FB005,1.0
185,S01_Sess04_FB006,1.0
186,S01_Sess04_FB007,0.0
187,S01_Sess04_FB008,0.0
188,S01_Sess04_FB009,1.0
189,S01_Sess04_FB010,1.0
190,S01_Sess04_FB011,1.0
191,S01_Sess04_FB012,1.0
192,S01_Sess04_FB013,1.0
193,S01_Sess04_FB014,1.0
194,S01_Sess04_FB015,1.0
195,S01_Sess04_FB016,1.0
196,S01_Sess04_FB017,1.0
197,S01_Sess04_FB018,1.0
198,S01_Sess04_FB019,1.0
199,S01_Sess04_FB020,1.0
200,S01_Sess04_FB021,1.0
201,S01_Sess04_FB022,1.0
202,S01_Sess04_FB023,1.0
203,S01_Sess04_FB024,1.0
204,S01_Sess04_FB025,1.0
205,S01_Sess04_FB026,1.0
206,S01_Sess04_FB027,1.0
207,S01_Sess04_FB028,1.0
208,S01_Sess04_FB029,1.0
209,S01_Sess04_FB030,0.0
210,S01_Sess04_FB031,1.0
211,S01_Sess04_FB032,0.0
212,S01_Sess04_FB033,1.0
213,S01_Sess04_FB034,1.0
214,S01_Sess04_FB035,0.0
215,S01_Sess04_FB036,1.0
216,S01_Sess04_FB037,1.0
217,S01_Sess04_FB038,1.0
218,S01_Sess04_FB039,1.0
219,S01_Sess04_FB040,1.0
220,S01_Sess04_FB041,0.0
221,S01_Sess04_FB042,1.0
222,S01_Sess04_FB043,1.0
223,S01_Sess04_FB044,1.0
224,S01_Sess04_FB045,1.0
225,S01_Sess04_FB046,1.0
226,S01_Sess04_FB047,1.0
227,S01_Sess04_FB048,1.0
228,S01_Sess04_FB049,1.0
229,S01_Sess04_FB050,1.0
230,S01_Sess04_FB051,1.0
231,S01_Sess04_FB052,1.0
232,S01_Sess04_FB053,1.0
233,S01_Sess04_FB054,1.0
234,S01_Sess04_FB055,1.0
235,S01_Sess04_FB056,1.0
236,S01_Sess04_FB057,1.0
237,S01_Sess04_FB058,1.0
238,S01_Sess04_FB059,1.0
239,S01_Sess04_FB060,1.0
240,S01_Sess05_FB001,1.0
241,S01_Sess05_FB002,0.0
242,S01_Sess05_FB003,0.0
243,S01_Sess05_FB004,1.0
244,S01_Sess05_FB005,1.0
245,S01_Sess05_FB006,0.0
246,S01_Sess05_FB007,1.0
247,S01_Sess05_FB008,1.0
248,S01_Sess05_FB009,1.0
249,S01_Sess05_FB010,0.0
250,S01_Sess05_FB011,1.0
251,S01_Sess05_FB012,1.0
252,S01_Sess05_FB013,1.0
253,S01_Sess05_FB014,1.0
254,S01_Sess05_FB015,1.0
255,S01_Sess05_FB016,1.0
256,S01_Sess05_FB017,1.0
257,S01_Sess05_FB018,1.0
258,S01_Sess05_FB019,1.0
259,S01_Sess05_FB020,1.0
260,S01_Sess05_FB021,0.0
261,S01_Sess05_FB022,1.0
262,S01_Sess05_FB023,1.0
263,S01_Sess05_FB024,1.0
264,S01_Sess05_FB025,1.0
265,S01_Sess05_FB026,1.0
266,S01_Sess05_FB027,1.0
267,S01_Sess05_FB028,1.0
268,S01_Sess05_FB029,1.0
269,S01_Sess05_FB030,1.0
270,S01_Sess05_FB031,1.0
271,S01_Sess05_FB032,1.0
272,S01_Sess05_FB033,0.0
273,S01_Sess05_FB034,1.0
274,S01_Sess05_FB035,0.0
275,S01_Sess05_FB036,1.0
276,S01_Sess05_FB037,1.0
277,S01_Sess05_FB038,1.0
278,S01_Sess05_FB039,1.0
279,S01_Sess05_FB040,1.0
280,S01_Sess05_FB041,1.0
281,S01_Sess05_FB042,0.0
282,S01_Sess05_FB043,1.0
283,S01_Sess05_FB044,1.0
284,S01_Sess05_FB045,0.0
285,S01_Sess05_FB046,1.0
286,S01_Sess05_FB047,1.0
287,S01_Sess05_FB048,1.0
288,S01_Sess05_FB049,1.0
289,S01_Sess05_FB050,1.0
290,S01_Sess05_FB051,1.0
291,S01_Sess05_FB052,1.0
292,S01_Sess05_FB053,1.0
293,S01_Sess05_FB054,1.0
294,S01_Sess05_FB055,1.0
295,S01_Sess05_FB056,0.0
296,S01_Sess05_FB057,1.0
297,S01_Sess05_FB058,1.0
298,S01_Sess05_FB059,1.0
299,S01_Sess05_FB060,0.0
300,S01_Sess05_FB061,1.0
301,S01_Sess05_FB062,1.0
302,S01_Sess05_FB063,1.0
303,S01_Sess05_FB064,1.0
304,S01_Sess05_FB065,0.0
305,S01_Sess05_FB066,1.0
306,S01_Sess05_FB067,1.0
307,S01_Sess05_FB068,1.0
308,S01_Sess05_FB069,1.0
309,S01_Sess05_FB070,1.0
310,S01_Sess05_FB071,1.0
311,S01_Sess05_FB072,1.0
312,S01_Sess05_FB073,1.0
313,S01_Sess05_FB074,1.0
314,S01_Sess05_FB075,0.0
315,S01_Sess05_FB076,1.0
316,S01_Sess05_FB077,1.0
317,S01_Sess05_FB078,0.0
318,S01_Sess05_FB079,1.0
319,S01_Sess05_FB080,1.0
320,S01_Sess05_FB081,1.0
321,S01_Sess05_FB082,0.0
322,S01_Sess05_FB083,0.0
323,S01_Sess05_FB084,1.0
324,S01_Sess05_FB085,1.0
325,S01_Sess05_FB086,1.0
326,S01_Sess05_FB087,1.0
327,S01_Sess05_FB088,1.0
328,S01_Sess05_FB089,1.0
329,S01_Sess05_FB090,1.0
330,S01_Sess05_FB091,1.0
331,S01_Sess05_FB092,1.0
332,S01_Sess05_FB093,1.0
333,S01_Sess05_FB094,0.0
334,S01_Sess05_FB095,1.0
335,S01_Sess05_FB096,1.0
336,S01_Sess05_FB097,1.0
337,S01_Sess05_FB098,1.0
338,S01_Sess05_FB099,1.0
339,S01_Sess05_FB100,1.0
340,S03_Sess01_FB001,1.0
341,S03_Sess01_FB002,1.0
342,S03_Sess01_FB003,1.0
343,S03_Sess01_FB004,1.0
344,S03_Sess01_FB005,1.0
345,S03_Sess01_FB006,1.0
346,S03_Sess01_FB007,1.0
347,S03_Sess01_FB008,1.0
348,S03_Sess01_FB009,1.0
349,S03_Sess01_FB010,1.0
350,S03_Sess01_FB011,1.0
351,S03_Sess01_FB012,1.0
352,S03_Sess01_FB013,1.0
353,S03_Sess01_FB014,1.0
354,S03_Sess01_FB015,1.0
355,S03_Sess01_FB016,1.0
356,S03_Sess01_FB017,1.0
357,S03_Sess01_FB018,1.0
358,S03_Sess01_FB019,1.0
359,S03_Sess01_FB020,1.0
360,S03_Sess01_FB021,0.0
361,S03_Sess01_FB022,1.0
362,S03_Sess01_FB023,1.0
363,S03_Sess01_FB024,1.0
364,S03_Sess01_FB025,0.0
365,S03_Sess01_FB026,0.0
366,S03_Sess01_FB027,1.0
367,S03_Sess01_FB028,1.0
368,S03_Sess01_FB029,1.0
369,S03_Sess01_FB030,1.0
370,S03_Sess01_FB031,1.0
371,S03_Sess01_FB032,1.0
372,S03_Sess01_FB033,1.0
373,S03_Sess01_FB034,1.0
374,S03_Sess01_FB035,1.0
375,S03_Sess01_FB036,1.0
376,S03_Sess01_FB037,1.0
377,S03_Sess01_FB038,1.0
378,S03_Sess01_FB039,1.0
379,S03_Sess01_FB040,1.0
380,S03_Sess01_FB041,1.0
381,S03_Sess01_FB042,1.0
382,S03_Sess01_FB043,1.0
383,S03_Sess01_FB044,1.0
384,S03_Sess01_FB045,1.0
385,S03_Sess01_FB046,1.0
386,S03_Sess01_FB047,1.0
387,S03_Sess01_FB048,1.0
388,S03_Sess01_FB049,1.0
389,S03_Sess01_FB050,1.0
390,S03_Sess01_FB051,1.0
391,S03_Sess01_FB052,1.0
392,S03_Sess01_FB053,1.0
393,S03_Sess01_FB054,1.0
394,S03_Sess01_FB055,1.0
395,S03_Sess01_FB056,1.0
396,S03_Sess01_FB057,1.0
397,S03_Sess01_FB058,1.0
398,S03_Sess01_FB059,1.0
399,S03_Sess01_FB060,1.0
400,S03_Sess02_FB001,1.0
401,S03_Sess02_FB002,1.0
402,S03_Sess02_FB003,1.0
403,S03_Sess02_FB004,1.0
404,S03_Sess02_FB005,1.0
405,S03_Sess02_FB006,1.0
406,S03_Sess02_FB007,1.0
407,S03_Sess02_FB008,1.0
408,S03_Sess02_FB009,1.0
409,S03_Sess02_FB010,1.0
410,S03_Sess02_FB011,1.0
411,S03_Sess02_FB012,1.0
412,S03_Sess02_FB013,1.0
413,S03_Sess02_FB014,1.0
414,S03_Sess02_FB015,1.0
415,S03_Sess02_FB016,1.0
416,S03_Sess02_FB017,1.0
417,S03_Sess02_FB018,1.0
418,S03_Sess02_FB019,1.0
419,S03_Sess02_FB020,1.0
420,S03_Sess02_FB021,1.0
421,S03_Sess02_FB022,1.0
422,S03_Sess02_FB023,1.0
423,S03_Sess02_FB024,1.0
424,S03_Sess02_FB025,1.0
425,S03_Sess02_FB026,1.0
426,S03_Sess02_FB027,1.0
427,S03_Sess02_FB028,1.0
428,S03_Sess02_FB029,1.0
429,S03_Sess02_FB030,1.0
430,S03_Sess02_FB031,1.0
431,S03_Sess02_FB032,0.0
432,S03_Sess02_FB033,1.0
433,S03_Sess02_FB034,1.0
434,S03_Sess02_FB035,1.0
435,S03_Sess02_FB036,1.0
436,S03_Sess02_FB037,1.0
437,S03_Sess02_FB038,1.0
438,S03_Sess02_FB039,1.0
439,S03_Sess02_FB040,0.0
440,S03_Sess02_FB041,1.0
441,S03_Sess02_FB042,1.0
442,S03_Sess02_FB043,1.0
443,S03_Sess02_FB044,1.0
444,S03_Sess02_FB045,1.0
445,S03_Sess02_FB046,1.0
446,S03_Sess02_FB047,1.0
447,S03_Sess02_FB048,1.0
448,S03_Sess02_FB049,1.0
449,S03_Sess02_FB050,1.0
450,S03_Sess02_FB051,1.0
451,S03_Sess02_FB052,1.0
452,S03_Sess02_FB053,1.0
453,S03_Sess02_FB054,1.0
454,S03_Sess02_FB055,1.0
455,S03_Sess02_FB056,1.0
456,S03_Sess02_FB057,1.0
457,S03_Sess02_FB058,1.0
458,S03_Sess02_FB059,1.0
459,S03_Sess02_FB060,1.0
460,S03_Sess03_FB001,1.0
461,S03_Sess03_FB002,1.0
462,S03_Sess03_FB003,1.0
463,S03_Sess03_FB004,1.0
464,S03_Sess03_FB005,1.0
465,S03_Sess03_FB006,1.0
466,S03_Sess03_FB007,1.0
467,S03_Sess03_FB008,1.0
468,S03_Sess03_FB009,1.0
469,S03_Sess03_FB010,1.0
470,S03_Sess03_FB011,1.0
471,S03_Sess03_FB012,1.0
472,S03_Sess03_FB013,1.0
473,S03_Sess03_FB014,1.0
474,S03_Sess03_FB015,1.0
475,S03_Sess03_FB016,1.0
476,S03_Sess03_FB017,1.0
477,S03_Sess03_FB018,1.0
478,S03_Sess03_FB019,1.0
479,S03_Sess03_FB020,1.0
480,S03_Sess03_FB021,1.0
481,S03_Sess03_FB022,1.0
482,S03_Sess03_FB023,1.0
483,S03_Sess03_FB024,1.0
484,S03_Sess03_FB025,1.0
485,S03_Sess03_FB026,1.0
486,S03_Sess03_FB027,1.0
487,S03_Sess03_FB028,1.0
488,S03_Sess03_FB029,1.0
489,S03_Sess03_FB030,1.0
490,S03_Sess03_FB031,1.0
491,S03_Sess03_FB032,1.0
492,S03_Sess03_FB033,1.0
493,S03_Sess03_FB034,1.0
494,S03_Sess03_FB035,1.0
495,S03_Sess03_FB036,1.0
496,S03_Sess03_FB037,1.0
497,S03_Sess03_FB038,1.0
498,S03_Sess03_FB039,1.0
499,S03_Sess03_FB040,1.0
500,S03_Sess03_FB041,1.0
501,S03_Sess03_FB042,0.0
502,S03_Sess03_FB043,1.0
503,S03_Sess03_FB044,0.0
504,S03_Sess03_FB045,1.0
505,S03_Sess03_FB046,1.0
506,S03_Sess03_FB047,1.0
507,S03_Sess03_FB048,1.0
508,S03_Sess03_FB049,1.0
509,S03_Sess03_FB050,1.0
510,S03_Sess03_FB051,1.0
511,S03_Sess03_FB052,1.0
512,S03_Sess03_FB053,1.0
513,S03_Sess03_FB054,1.0
514,S03_Sess03_FB055,1.0
515,S03_Sess03_FB056,0.0
516,S03_Sess03_FB057,1.0
517,S03_Sess03_FB058,1.0
518,S03_Sess03_FB059,1.0
519,S03_Sess03_FB060,0.0
520,S03_Sess04_FB001,1.0
521,S03_Sess04_FB002,1.0
522,S03_Sess04_FB003,1.0
523,S03_Sess04_FB004,1.0
524,S03_Sess04_FB005,1.0
525,S03_Sess04_FB006,1.0
526,S03_Sess04_FB007,1.0
527,S03_Sess04_FB008,1.0
528,S03_Sess04_FB009,1.0
529,S03_Sess04_FB010,1.0
530,S03_Sess04_FB011,1.0
531,S03_Sess04_FB012,1.0
532,S03_Sess04_FB013,1.0
533,S03_Sess04_FB014,1.0
534,S03_Sess04_FB015,1.0
535,S03_Sess04_FB016,1.0
536,S03_Sess04_FB017,1.0
537,S03_Sess04_FB018,1.0
538,S03_Sess04_FB019,1.0
539,S03_Sess04_FB020,0.0
540,S03_Sess04_FB021,1.0
541,S03_Sess04_FB022,1.0
542,S03_Sess04_FB023,1.0
543,S03_Sess04_FB024,1.0
544,S03_Sess04_FB025,1.0
545,S03_Sess04_FB026,1.0
546,S03_Sess04_FB027,0.0
547,S03_Sess04_FB028,1.0
548,S03_Sess04_FB029,1.0
549,S03_Sess04_FB030,1.0
550,S03_Sess04_FB031,1.0
551,S03_Sess04_FB032,1.0
552,S03_Sess04_FB033,1.0
553,S03_Sess04_FB034,1.0
554,S03_Sess04_FB035,1.0
555,S03_Sess04_FB036,1.0
556,S03_Sess04_FB037,1.0
557,S03_Sess04_FB038,1.0
558,S03_Sess04_FB039,1.0
559,S03_Sess04_FB040,1.0
560,S03_Sess04_FB041,1.0
561,S03_Sess04_FB042,1.0
562,S03_Sess04_FB043,1.0
563,S03_Sess04_FB044,1.0
564,S03_Sess04_FB045,1.0
565,S03_Sess04_FB046,1.0
566,S03_Sess04_FB047,1.0
567,S03_Sess04_FB048,1.0
568,S03_Sess04_FB049,1.0
569,S03_Sess04_FB050,1.0
570,S03_Sess04_FB051,1.0
571,S03_Sess04_FB052,1.0
572,S03_Sess04_FB053,1.0
573,S03_Sess04_FB054,1.0
574,S03_Sess04_FB055,0.0
575,S03_Sess04_FB056,1.0
576,S03_Sess04_FB057,1.0
577,S03_Sess04_FB058,1.0
578,S03_Sess04_FB059,1.0
579,S03_Sess04_FB060,1.0
580,S03_Sess05_FB001,1.0
581,S03_Sess05_FB002,1.0
582,S03_Sess05_FB003,1.0
583,S03_Sess05_FB004,0.0
584,S03_Sess05_FB005,1.0
585,S03_Sess05_FB006,1.0
586,S03_Sess05_FB007,0.0
587,S03_Sess05_FB008,1.0
588,S03_Sess05_FB009,1.0
589,S03_Sess05_FB010,0.0
590,S03_Sess05_FB011,0.0
591,S03_Sess05_FB012,1.0
592,S03_Sess05_FB013,1.0
593,S03_Sess05_FB014,0.0
594,S03_Sess05_FB015,1.0
595,S03_Sess05_FB016,1.0
596,S03_Sess05_FB017,1.0
597,S03_Sess05_FB018,1.0
598,S03_Sess05_FB019,1.0
599,S03_Sess05_FB020,1.0
600,S03_Sess05_FB021,1.0
601,S03_Sess05_FB022,1.0
602,S03_Sess05_FB023,1.0
603,S03_Sess05_FB024,1.0
604,S03_Sess05_FB025,1.0
605,S03_Sess05_FB026,1.0
606,S03_Sess05_FB027,1.0
607,S03_Sess05_FB028,1.0
608,S03_Sess05_FB029,1.0
609,S03_Sess05_FB030,0.0
610,S03_Sess05_FB031,1.0
611,S03_Sess05_FB032,1.0
612,S03_Sess05_FB033,1.0
613,S03_Sess05_FB034,1.0
614,S03_Sess05_FB035,1.0
615,S03_Sess05_FB036,1.0
616,S03_Sess05_FB037,1.0
617,S03_Sess05_FB038,1.0
618,S03_Sess05_FB039,1.0
619,S03_Sess05_FB040,1.0
620,S03_Sess05_FB041,1.0
621,S03_Sess05_FB042,1.0
622,S03_Sess05_FB043,1.0
623,S03_Sess05_FB044,0.0
624,S03_Sess05_FB045,0.0
625,S03_Sess05_FB046,1.0
626,S03_Sess05_FB047,1.0
627,S03_Sess05_FB048,1.0
628,S03_Sess05_FB049,0.0
629,S03_Sess05_FB050,1.0
630,S03_Sess05_FB051,1.0
631,S03_Sess05_FB052,1.0
632,S03_Sess05_FB053,1.0
633,S03_Sess05_FB054,1.0
634,S03_Sess05_FB055,1.0
635,S03_Sess05_FB056,1.0
636,S03_Sess05_FB057,1.0
637,S03_Sess05_FB058,1.0
638,S03_Sess05_FB059,1.0
639,S03_Sess05_FB060,1.0
640,S03_Sess05_FB061,1.0
641,S03_Sess05_FB062,1.0
642,S03_Sess05_FB063,0.0
643,S03_Sess05_FB064,1.0
644,S03_Sess05_FB065,1.0
645,S03_Sess05_FB066,1.0
646,S03_Sess05_FB067,1.0
647,S03_Sess05_FB068,1.0
648,S03_Sess05_FB069,1.0
649,S03_Sess05_FB070,1.0
650,S03_Sess05_FB071,1.0
651,S03_Sess05_FB072,1.0
652,S03_Sess05_FB073,1.0
653,S03_Sess05_FB074,1.0
654,S03_Sess05_FB075,1.0
655,S03_Sess05_FB076,1.0
656,S03_Sess05_FB077,0.0
657,S03_Sess05_FB078,1.0
658,S03_Sess05_FB079,1.0
659,S03_Sess05_FB080,1.0
660,S03_Sess05_FB081,1.0
661,S03_Sess05_FB082,1.0
662,S03_Sess05_FB083,0.0
663,S03_Sess05_FB084,1.0
664,S03_Sess05_FB085,1.0
665,S03_Sess05_FB086,1.0
666,S03_Sess05_FB087,1.0
667,S03_Sess05_FB088,1.0
668,S03_Sess05_FB089,1.0
669,S03_Sess05_FB090,1.0
670,S03_Sess05_FB091,1.0
671,S03_Sess05_FB092,1.0
672,S03_Sess05_FB093,1.0
673,S03_Sess05_FB094,1.0
674,S03_Sess05_FB095,1.0
675,S03_Sess05_FB096,1.0
676,S03_Sess05_FB097,1.0
677,S03_Sess05_FB098,1.0
678,S03_Sess05_FB099,1.0
679,S03_Sess05_FB100,1.0
680,S04_Sess01_FB001,1.0
681,S04_Sess01_FB002,0.0
682,S04_Sess01_FB003,1.0
683,S04_Sess01_FB004,1.0
684,S04_Sess01_FB005,1.0
685,S04_Sess01_FB006,1.0
686,S04_Sess01_FB007,1.0
687,S04_Sess01_FB008,1.0
688,S04_Sess01_FB009,1.0
689,S04_Sess01_FB010,0.0
690,S04_Sess01_FB011,1.0
691,S04_Sess01_FB012,1.0
692,S04_Sess01_FB013,1.0
693,S04_Sess01_FB014,1.0
694,S04_Sess01_FB015,1.0
695,S04_Sess01_FB016,1.0
696,S04_Sess01_FB017,1.0
697,S04_Sess01_FB018,1.0
698,S04_Sess01_FB019,1.0
699,S04_Sess01_FB020,1.0
700,S04_Sess01_FB021,1.0
701,S04_Sess01_FB022,1.0
702,S04_Sess01_FB023,1.0
703,S04_Sess01_FB024,1.0
704,S04_Sess01_FB025,1.0
705,S04_Sess01_FB026,1.0
706,S04_Sess01_FB027,1.0
707,S04_Sess01_FB028,1.0
708,S04_Sess01_FB029,1.0
709,S04_Sess01_FB030,1.0
710,S04_Sess01_FB031,1.0
711,S04_Sess01_FB032,1.0
712,S04_Sess01_FB033,1.0
713,S04_Sess01_FB034,1.0
714,S04_Sess01_FB035,1.0
715,S04_Sess01_FB036,1.0
716,S04_Sess01_FB037,1.0
717,S04_Sess01_FB038,0.0
718,S04_Sess01_FB039,1.0
719,S04_Sess01_FB040,1.0
720,S04_Sess01_FB041,0.0
721,S04_Sess01_FB042,0.0
722,S04_Sess01_FB043,1.0
723,S04_Sess01_FB044,1.0
724,S04_Sess01_FB045,0.0
725,S04_Sess01_FB046,1.0
726,S04_Sess01_FB047,1.0
727,S04_Sess01_FB048,1.0
728,S04_Sess01_FB049,1.0
729,S04_Sess01_FB050,1.0
730,S04_Sess01_FB051,1.0
731,S04_Sess01_FB052,1.0
732,S04_Sess01_FB053,1.0
733,S04_Sess01_FB054,1.0
734,S04_Sess01_FB055,1.0
735,S04_Sess01_FB056,1.0
736,S04_Sess01_FB057,1.0
737,S04_Sess01_FB058,1.0
738,S04_Sess01_FB059,1.0
739,S04_Sess01_FB060,1.0
740,S04_Sess02_FB001,1.0
741,S04_Sess02_FB002,1.0
742,S04_Sess02_FB003,1.0
743,S04_Sess02_FB004,1.0
744,S04_Sess02_FB005,1.0
745,S04_Sess02_FB006,1.0
746,S04_Sess02_FB007,1.0
747,S04_Sess02_FB008,1.0
748,S04_Sess02_FB009,1.0
749,S04_Sess02_FB010,1.0
750,S04_Sess02_FB011,1.0
751,S04_Sess02_FB012,1.0
752,S04_Sess02_FB013,1.0
753,S04_Sess02_FB014,0.0
754,S04_Sess02_FB015,1.0
755,S04_Sess02_FB016,1.0
756,S04_Sess02_FB017,0.0
757,S04_Sess02_FB018,1.0
758,S04_Sess02_FB019,1.0
759,S04_Sess02_FB020,0.0
760,S04_Sess02_FB021,1.0
761,S04_Sess02_FB022,1.0
762,S04_Sess02_FB023,1.0
763,S04_Sess02_FB024,1.0
764,S04_Sess02_FB025,1.0
765,S04_Sess02_FB026,1.0
766,S04_Sess02_FB027,1.0
767,S04_Sess02_FB028,1.0
768,S04_Sess02_FB029,0.0
769,S04_Sess02_FB030,0.0
770,S04_Sess02_FB031,1.0
771,S04_Sess02_FB032,1.0
772,S04_Sess02_FB033,1.0
773,S04_Sess02_FB034,1.0
774,S04_Sess02_FB035,1.0
775,S04_Sess02_FB036,1.0
776,S04_Sess02_FB037,1.0
777,S04_Sess02_FB038,1.0
778,S04_Sess02_FB039,1.0
779,S04_Sess02_FB040,1.0
780,S04_Sess02_FB041,1.0
781,S04_Sess02_FB042,1.0
782,S04_Sess02_FB043,1.0
783,S04_Sess02_FB044,1.0
784,S04_Sess02_FB045,1.0
785,S04_Sess02_FB046,1.0
786,S04_Sess02_FB047,1.0
787,S04_Sess02_FB048,1.0
788,S04_Sess02_FB049,1.0
789,S04_Sess02_FB050,0.0
790,S04_Sess02_FB051,1.0
791,S04_Sess02_FB052,1.0
792,S04_Sess02_FB053,1.0
793,S04_Sess02_FB054,1.0
794,S04_Sess02_FB055,1.0
795,S04_Sess02_FB056,1.0
796,S04_Sess02_FB057,1.0
797,S04_Sess02_FB058,1.0
798,S04_Sess02_FB059,1.0
799,S04_Sess02_FB060,1.0
800,S04_Sess03_FB001,1.0
801,S04_Sess03_FB002,1.0
802,S04_Sess03_FB003,1.0
803,S04_Sess03_FB004,1.0
804,S04_Sess03_FB005,1.0
805,S04_Sess03_FB006,1.0
806,S04_Sess03_FB007,0.0
807,S04_Sess03_FB008,0.0
808,S04_Sess03_FB009,1.0
809,S04_Sess03_FB010,1.0
810,S04_Sess03_FB011,1.0
811,S04_Sess03_FB012,0.0
812,S04_Sess03_FB013,1.0
813,S04_Sess03_FB014,1.0
814,S04_Sess03_FB015,1.0
815,S04_Sess03_FB016,1.0
816,S04_Sess03_FB017,0.0
817,S04_Sess03_FB018,1.0
818,S04_Sess03_FB019,1.0
819,S04_Sess03_FB020,1.0
820,S04_Sess03_FB021,1.0
821,S04_Sess03_FB022,1.0
822,S04_Sess03_FB023,1.0
823,S04_Sess03_FB024,1.0
824,S04_Sess03_FB025,1.0
825,S04_Sess03_FB026,1.0
826,S04_Sess03_FB027,1.0
827,S04_Sess03_FB028,1.0
828,S04_Sess03_FB029,1.0
829,S04_Sess03_FB030,1.0
830,S04_Sess03_FB031,1.0
831,S04_Sess03_FB032,1.0
832,S04_Sess03_FB033,1.0
833,S04_Sess03_FB034,1.0
834,S04_Sess03_FB035,1.0
835,S04_Sess03_FB036,1.0
836,S04_Sess03_FB037,1.0
837,S04_Sess03_FB038,1.0
838,S04_Sess03_FB039,1.0
839,S04_Sess03_FB040,1.0
840,S04_Sess03_FB041,1.0
841,S04_Sess03_FB042,1.0
842,S04_Sess03_FB043,1.0
843,S04_Sess03_FB044,1.0
844,S04_Sess03_FB045,0.0
845,S04_Sess03_FB046,1.0
846,S04_Sess03_FB047,0.0
847,S04_Sess03_FB048,0.0
848,S04_Sess03_FB049,1.0
849,S04_Sess03_FB050,0.0
850,S04_Sess03_FB051,0.0
851,S04_Sess03_FB052,1.0
852,S04_Sess03_FB053,1.0
853,S04_Sess03_FB054,1.0
854,S04_Sess03_FB055,1.0
855,S04_Sess03_FB056,1.0
856,S04_Sess03_FB057,1.0
857,S04_Sess03_FB058,1.0
858,S04_Sess03_FB059,1.0
859,S04_Sess03_FB060,1.0
860,S04_Sess04_FB001,1.0
861,S04_Sess04_FB002,1.0
862,S04_Sess04_FB003,1.0
863,S04_Sess04_FB004,1.0
864,S04_Sess04_FB005,1.0
865,S04_Sess04_FB006,1.0
866,S04_Sess04_FB007,1.0
867,S04_Sess04_FB008,1.0
868,S04_Sess04_FB009,1.0
869,S04_Sess04_FB010,1.0
870,S04_Sess04_FB011,1.0
871,S04_Sess04_FB012,1.0
872,S04_Sess04_FB013,1.0
873,S04_Sess04_FB014,1.0
874,S04_Sess04_FB015,1.0
875,S04_Sess04_FB016,1.0
876,S04_Sess04_FB017,1.0
877,S04_Sess04_FB018,1.0
878,S04_Sess04_FB019,1.0
879,S04_Sess04_FB020,1.0
880,S04_Sess04_FB021,1.0
881,S04_Sess04_FB022,1.0
882,S04_Sess04_FB023,1.0
883,S04_Sess04_FB024,1.0
884,S04_Sess04_FB025,1.0
885,S04_Sess04_FB026,1.0
886,S04_Sess04_FB027,1.0
887,S04_Sess04_FB028,1.0
888,S04_Sess04_FB029,1.0
889,S04_Sess04_FB030,0.0
890,S04_Sess04_FB031,1.0
891,S04_Sess04_FB032,1.0
892,S04_Sess04_FB033,1.0
893,S04_Sess04_FB034,1.0
894,S04_Sess04_FB035,1.0
895,S04_Sess04_FB036,1.0
896,S04_Sess04_FB037,1.0
897,S04_Sess04_FB038,1.0
898,S04_Sess04_FB039,0.0
899,S04_Sess04_FB040,1.0
900,S04_Sess04_FB041,0.0
901,S04_Sess04_FB042,1.0
902,S04_Sess04_FB043,0.0
903,S04_Sess04_FB044,1.0
904,S04_Sess04_FB045,1.0
905,S04_Sess04_FB046,1.0
906,S04_Sess04_FB047,0.0
907,S04_Sess04_FB048,0.0
908,S04_Sess04_FB049,0.0
909,S04_Sess04_FB050,1.0
910,S04_Sess04_FB051,1.0
911,S04_Sess04_FB052,1.0
912,S04_Sess04_FB053,1.0
913,S04_Sess04_FB054,1.0
914,S04_Sess04_FB055,1.0
915,S04_Sess04_FB056,1.0
916,S04_Sess04_FB057,1.0
917,S04_Sess04_FB058,1.0
918,S04_Sess04_FB059,1.0
919,S04_Sess04_FB060,1.0
920,S04_Sess05_FB001,1.0
921,S04_Sess05_FB002,1.0
922,S04_Sess05_FB003,1.0
923,S04_Sess05_FB004,1.0
924,S04_Sess05_FB005,1.0
925,S04_Sess05_FB006,1.0
926,S04_Sess05_FB007,1.0
927,S04_Sess05_FB008,1.0
928,S04_Sess05_FB009,1.0
929,S04_Sess05_FB010,0.0
930,S04_Sess05_FB011,1.0
931,S04_Sess05_FB012,1.0
932,S04_Sess05_FB013,0.0
933,S04_Sess05_FB014,0.0
934,S04_Sess05_FB015,1.0
935,S04_Sess05_FB016,1.0
936,S04_Sess05_FB017,1.0
937,S04_Sess05_FB018,1.0
938,S04_Sess05_FB019,1.0
939,S04_Sess05_FB020,0.0
940,S04_Sess05_FB021,1.0
941,S04_Sess05_FB022,1.0
942,S04_Sess05_FB023,1.0
943,S04_Sess05_FB024,1.0
944,S04_Sess05_FB025,1.0
945,S04_Sess05_FB026,1.0
946,S04_Sess05_FB027,1.0
947,S04_Sess05_FB028,1.0
948,S04_Sess05_FB029,1.0
949,S04_Sess05_FB030,1.0
950,S04_Sess05_FB031,1.0
951,S04_Sess05_FB032,1.0
952,S04_Sess05_FB033,1.0
953,S04_Sess05_FB034,1.0
954,S04_Sess05_FB035,1.0
955,S04_Sess05_FB036,1.0
956,S04_Sess05_FB037,1.0
957,S04_Sess05_FB038,1.0
958,S04_Sess05_FB039,1.0
959,S04_Sess05_FB040,1.0
960,S04_Sess05_FB041,1.0
961,S04_Sess05_FB042,1.0
962,S04_Sess05_FB043,1.0
963,S04_Sess05_FB044,0.0
964,S04_Sess05_FB045,1.0
965,S04_Sess05_FB046,1.0
966,S04_Sess05_FB047,1.0
967,S04_Sess05_FB048,1.0
968,S04_Sess05_FB049,0.0
969,S04_Sess05_FB050,1.0
970,S04_Sess05_FB051,1.0
971,S04_Sess05_FB052,1.0
972,S04_Sess05_FB053,1.0
973,S04_Sess05_FB054,1.0
974,S04_Sess05_FB055,1.0
975,S04_Sess05_FB056,1.0
976,S04_Sess05_FB057,1.0
977,S04_Sess05_FB058,1.0
978,S04_Sess05_FB059,0.0
979,S04_Sess05_FB060,1.0
980,S04_Sess05_FB061,1.0
981,S04_Sess05_FB062,1.0
982,S04_Sess05_FB063,0.0
983,S04_Sess05_FB064,1.0
984,S04_Sess05_FB065,1.0
985,S04_Sess05_FB066,0.0
986,S04_Sess05_FB067,1.0
987,S04_Sess05_FB068,1.0
988,S04_Sess05_FB069,1.0
989,S04_Sess05_FB070,1.0
990,S04_Sess05_FB071,1.0
991,S04_Sess05_FB072,1.0
992,S04_Sess05_FB073,1.0
993,S04_Sess05_FB074,1.0
994,S04_Sess05_FB075,1.0
995,S04_Sess05_FB076,1.0
996,S04_Sess05_FB077,0.0
997,S04_Sess05_FB078,0.0
998,S04_Sess05_FB079,1.0
999,S04_Sess05_FB080,1.0
1000,S04_Sess05_FB081,1.0
1001,S04_Sess05_FB082,1.0
1002,S04_Sess05_FB083,0.0
1003,S04_Sess05_FB084,1.0
1004,S04_Sess05_FB085,1.0
1005,S04_Sess05_FB086,1.0
1006,S04_Sess05_FB087,1.0
1007,S04_Sess05_FB088,1.0
1008,S04_Sess05_FB089,1.0
1009,S04_Sess05_FB090,1.0
1010,S04_Sess05_FB091,0.0
1011,S04_Sess05_FB092,1.0
1012,S04_Sess05_FB093,1.0
1013,S04_Sess05_FB094,1.0
1014,S04_Sess05_FB095,1.0
1015,S04_Sess05_FB096,1.0
1016,S04_Sess05_FB097,1.0
1017,S04_Sess05_FB098,1.0
1018,S04_Sess05_FB099,1.0
1019,S04_Sess05_FB100,1.0
1020,S05_Sess01_FB001,1.0
1021,S05_Sess01_FB002,1.0
1022,S05_Sess01_FB003,1.0
1023,S05_Sess01_FB004,1.0
1024,S05_Sess01_FB005,1.0
1025,S05_Sess01_FB006,1.0
1026,S05_Sess01_FB007,1.0
1027,S05_Sess01_FB008,1.0
1028,S05_Sess01_FB009,1.0
1029,S05_Sess01_FB010,0.0
1030,S05_Sess01_FB011,1.0
1031,S05_Sess01_FB012,1.0
1032,S05_Sess01_FB013,1.0
1033,S05_Sess01_FB014,1.0
1034,S05_Sess01_FB015,1.0
1035,S05_Sess01_FB016,1.0
1036,S05_Sess01_FB017,1.0
1037,S05_Sess01_FB018,0.0
1038,S05_Sess01_FB019,1.0
1039,S05_Sess01_FB020,1.0
1040,S05_Sess01_FB021,1.0
1041,S05_Sess01_FB022,1.0
1042,S05_Sess01_FB023,1.0
1043,S05_Sess01_FB024,1.0
1044,S05_Sess01_FB025,1.0
1045,S05_Sess01_FB026,1.0
1046,S05_Sess01_FB027,1.0
1047,S05_Sess01_FB028,1.0
1048,S05_Sess01_FB029,1.0
1049,S05_Sess01_FB030,1.0
1050,S05_Sess01_FB031,1.0
1051,S05_Sess01_FB032,1.0
1052,S05_Sess01_FB033,1.0
1053,S05_Sess01_FB034,1.0
1054,S05_Sess01_FB035,1.0
1055,S05_Sess01_FB036,1.0
1056,S05_Sess01_FB037,1.0
1057,S05_Sess01_FB038,1.0
1058,S05_Sess01_FB039,1.0
1059,S05_Sess01_FB040,1.0
1060,S05_Sess01_FB041,1.0
1061,S05_Sess01_FB042,1.0
1062,S05_Sess01_FB043,1.0
1063,S05_Sess01_FB044,1.0
1064,S05_Sess01_FB045,1.0
1065,S05_Sess01_FB046,1.0
1066,S05_Sess01_FB047,1.0
1067,S05_Sess01_FB048,1.0
1068,S05_Sess01_FB049,1.0
1069,S05_Sess01_FB050,1.0
1070,S05_Sess01_FB051,1.0
1071,S05_Sess01_FB052,0.0
1072,S05_Sess01_FB053,1.0
1073,S05_Sess01_FB054,1.0
1074,S05_Sess01_FB055,1.0
1075,S05_Sess01_FB056,1.0
1076,S05_Sess01_FB057,1.0
1077,S05_Sess01_FB058,1.0
1078,S05_Sess01_FB059,1.0
1079,S05_Sess01_FB060,1.0
1080,S05_Sess02_FB001,1.0
1081,S05_Sess02_FB002,1.0
1082,S05_Sess02_FB003,1.0
1083,S05_Sess02_FB004,1.0
1084,S05_Sess02_FB005,1.0
1085,S05_Sess02_FB006,1.0
1086,S05_Sess02_FB007,1.0
1087,S05_Sess02_FB008,1.0
1088,S05_Sess02_FB009,1.0
1089,S05_Sess02_FB010,1.0
1090,S05_Sess02_FB011,1.0
1091,S05_Sess02_FB012,0.0
1092,S05_Sess02_FB013,1.0
1093,S05_Sess02_FB014,1.0
1094,S05_Sess02_FB015,1.0
1095,S05_Sess02_FB016,1.0
1096,S05_Sess02_FB017,1.0
1097,S05_Sess02_FB018,1.0
1098,S05_Sess02_FB019,1.0
1099,S05_Sess02_FB020,1.0
1100,S05_Sess02_FB021,1.0
1101,S05_Sess02_FB022,1.0
1102,S05_Sess02_FB023,1.0
1103,S05_Sess02_FB024,1.0
1104,S05_Sess02_FB025,1.0
1105,S05_Sess02_FB026,1.0
1106,S05_Sess02_FB027,1.0
1107,S05_Sess02_FB028,1.0
1108,S05_Sess02_FB029,1.0
1109,S05_Sess02_FB030,1.0
1110,S05_Sess02_FB031,1.0
1111,S05_Sess02_FB032,1.0
1112,S05_Sess02_FB033,1.0
1113,S05_Sess02_FB034,1.0
1114,S05_Sess02_FB035,1.0
1115,S05_Sess02_FB036,1.0
1116,S05_Sess02_FB037,1.0
1117,S05_Sess02_FB038,1.0
1118,S05_Sess02_FB039,1.0
1119,S05_Sess02_FB040,1.0
1120,S05_Sess02_FB041,1.0
1121,S05_Sess02_FB042,1.0
1122,S05_Sess02_FB043,1.0
1123,S05_Sess02_FB044,1.0
1124,S05_Sess02_FB045,0.0
1125,S05_Sess02_FB046,1.0
1126,S05_Sess02_FB047,1.0
1127,S05_Sess02_FB048,1.0
1128,S05_Sess02_FB049,1.0
1129,S05_Sess02_FB050,1.0
1130,S05_Sess02_FB051,1.0
1131,S05_Sess02_FB052,1.0
1132,S05_Sess02_FB053,1.0
1133,S05_Sess02_FB054,1.0
1134,S05_Sess02_FB055,1.0
1135,S05_Sess02_FB056,1.0
1136,S05_Sess02_FB057,1.0
1137,S05_Sess02_FB058,0.0
1138,S05_Sess02_FB059,1.0
1139,S05_Sess02_FB060,1.0
1140,S05_Sess03_FB001,1.0
1141,S05_Sess03_FB002,1.0
1142,S05_Sess03_FB003,1.0
1143,S05_Sess03_FB004,1.0
1144,S05_Sess03_FB005,1.0
1145,S05_Sess03_FB006,1.0
1146,S05_Sess03_FB007,1.0
1147,S05_Sess03_FB008,1.0
1148,S05_Sess03_FB009,1.0
1149,S05_Sess03_FB010,1.0
1150,S05_Sess03_FB011,1.0
1151,S05_Sess03_FB012,1.0
1152,S05_Sess03_FB013,1.0
1153,S05_Sess03_FB014,1.0
1154,S05_Sess03_FB015,1.0
1155,S05_Sess03_FB016,1.0
1156,S05_Sess03_FB017,1.0
1157,S05_Sess03_FB018,1.0
1158,S05_Sess03_FB019,1.0
1159,S05_Sess03_FB020,1.0
1160,S05_Sess03_FB021,1.0
1161,S05_Sess03_FB022,1.0
1162,S05_Sess03_FB023,1.0
1163,S05_Sess03_FB024,1.0
1164,S05_Sess03_FB025,1.0
1165,S05_Sess03_FB026,1.0
1166,S05_Sess03_FB027,1.0
1167,S05_Sess03_FB028,1.0
1168,S05_Sess03_FB029,1.0
1169,S05_Sess03_FB030,1.0
1170,S05_Sess03_FB031,1.0
1171,S05_Sess03_FB032,0.0
1172,S05_Sess03_FB033,1.0
1173,S05_Sess03_FB034,1.0
1174,S05_Sess03_FB035,1.0
1175,S05_Sess03_FB036,1.0
1176,S05_Sess03_FB037,1.0
1177,S05_Sess03_FB038,1.0
1178,S05_Sess03_FB039,1.0
1179,S05_Sess03_FB040,1.0
1180,S05_Sess03_FB041,1.0
1181,S05_Sess03_FB042,1.0
1182,S05_Sess03_FB043,1.0
1183,S05_Sess03_FB044,1.0
1184,S05_Sess03_FB045,1.0
1185,S05_Sess03_FB046,1.0
1186,S05_Sess03_FB047,1.0
1187,S05_Sess03_FB048,1.0
1188,S05_Sess03_FB049,1.0
1189,S05_Sess03_FB050,1.0
1190,S05_Sess03_FB051,1.0
1191,S05_Sess03_FB052,1.0
1192,S05_Sess03_FB053,1.0
1193,S05_Sess03_FB054,1.0
1194,S05_Sess03_FB055,1.0
1195,S05_Sess03_FB056,1.0
1196,S05_Sess03_FB057,1.0
1197,S05_Sess03_FB058,1.0
1198,S05_Sess03_FB059,1.0
1199,S05_Sess03_FB060,1.0
1200,S05_Sess04_FB001,1.0
1201,S05_Sess04_FB002,1.0
1202,S05_Sess04_FB003,0.0
1203,S05_Sess04_FB004,1.0
1204,S05_Sess04_FB005,1.0
1205,S05_Sess04_FB006,1.0
1206,S05_Sess04_FB007,1.0
1207,S05_Sess04_FB008,1.0
1208,S05_Sess04_FB009,1.0
1209,S05_Sess04_FB010,1.0
1210,S05_Sess04_FB011,1.0
1211,S05_Sess04_FB012,1.0
1212,S05_Sess04_FB013,1.0
1213,S05_Sess04_FB014,1.0
1214,S05_Sess04_FB015,1.0
1215,S05_Sess04_FB016,1.0
1216,S05_Sess04_FB017,1.0
1217,S05_Sess04_FB018,1.0
1218,S05_Sess04_FB019,1.0
1219,S05_Sess04_FB020,1.0
1220,S05_Sess04_FB021,1.0
1221,S05_Sess04_FB022,1.0
1222,S05_Sess04_FB023,1.0
1223,S05_Sess04_FB024,1.0
1224,S05_Sess04_FB025,1.0
1225,S05_Sess04_FB026,1.0
1226,S05_Sess04_FB027,1.0
1227,S05_Sess04_FB028,1.0
1228,S05_Sess04_FB029,1.0
1229,S05_Sess04_FB030,1.0
1230,S05_Sess04_FB031,1.0
1231,S05_Sess04_FB032,1.0
1232,S05_Sess04_FB033,1.0
1233,S05_Sess04_FB034,1.0
1234,S05_Sess04_FB035,1.0
1235,S05_Sess04_FB036,1.0
1236,S05_Sess04_FB037,1.0
1237,S05_Sess04_FB038,1.0
1238,S05_Sess04_FB039,1.0
1239,S05_Sess04_FB040,1.0
1240,S05_Sess04_FB041,1.0
1241,S05_Sess04_FB042,1.0
1242,S05_Sess04_FB043,1.0
1243,S05_Sess04_FB044,1.0
1244,S05_Sess04_FB045,1.0
1245,S05_Sess04_FB046,1.0
1246,S05_Sess04_FB047,1.0
1247,S05_Sess04_FB048,1.0
1248,S05_Sess04_FB049,1.0
1249,S05_Sess04_FB050,1.0
1250,S05_Sess04_FB051,1.0
1251,S05_Sess04_FB052,1.0
1252,S05_Sess04_FB053,1.0
1253,S05_Sess04_FB054,1.0
1254,S05_Sess04_FB055,1.0
1255,S05_Sess04_FB056,0.0
1256,S05_Sess04_FB057,0.0
1257,S05_Sess04_FB058,1.0
1258,S05_Sess04_FB059,0.0
1259,S05_Sess04_FB060,1.0
1260,S05_Sess05_FB001,1.0
1261,S05_Sess05_FB002,1.0
1262,S05_Sess05_FB003,1.0
1263,S05_Sess05_FB004,1.0
1264,S05_Sess05_FB005,1.0
1265,S05_Sess05_FB006,1.0
1266,S05_Sess05_FB007,1.0
1267,S05_Sess05_FB008,1.0
1268,S05_Sess05_FB009,1.0
1269,S05_Sess05_FB010,1.0
1270,S05_Sess05_FB011,1.0
1271,S05_Sess05_FB012,1.0
1272,S05_Sess05_FB013,1.0
1273,S05_Sess05_FB014,1.0
1274,S05_Sess05_FB015,1.0
1275,S05_Sess05_FB016,1.0
1276,S05_Sess05_FB017,1.0
1277,S05_Sess05_FB018,1.0
1278,S05_Sess05_FB019,1.0
1279,S05_Sess05_FB020,1.0
1280,S05_Sess05_FB021,1.0
1281,S05_Sess05_FB022,1.0
1282,S05_Sess05_FB023,1.0
1283,S05_Sess05_FB024,1.0
1284,S05_Sess05_FB025,1.0
1285,S05_Sess05_FB026,1.0
1286,S05_Sess05_FB027,1.0
1287,S05_Sess05_FB028,1.0
1288,S05_Sess05_FB029,1.0
1289,S05_Sess05_FB030,1.0
1290,S05_Sess05_FB031,1.0
1291,S05_Sess05_FB032,1.0
1292,S05_Sess05_FB033,1.0
1293,S05_Sess05_FB034,1.0
1294,S05_Sess05_FB035,1.0
1295,S05_Sess05_FB036,1.0
1296,S05_Sess05_FB037,1.0
1297,S05_Sess05_FB038,1.0
1298,S05_Sess05_FB039,1.0
1299,S05_Sess05_FB040,1.0
1300,S05_Sess05_FB041,0.0
1301,S05_Sess05_FB042,1.0
1302,S05_Sess05_FB043,1.0
1303,S05_Sess05_FB044,1.0
1304,S05_Sess05_FB045,1.0
1305,S05_Sess05_FB046,1.0
1306,S05_Sess05_FB047,1.0
1307,S05_Sess05_FB048,1.0
1308,S05_Sess05_FB049,1.0
1309,S05_Sess05_FB050,1.0
1310,S05_Sess05_FB051,0.0
1311,S05_Sess05_FB052,1.0
1312,S05_Sess05_FB053,1.0
1313,S05_Sess05_FB054,1.0
1314,S05_Sess05_FB055,1.0
1315,S05_Sess05_FB056,1.0
1316,S05_Sess05_FB057,1.0
1317,S05_Sess05_FB058,1.0
1318,S05_Sess05_FB059,1.0
1319,S05_Sess05_FB060,1.0
1320,S05_Sess05_FB061,1.0
1321,S05_Sess05_FB062,0.0
1322,S05_Sess05_FB063,1.0
1323,S05_Sess05_FB064,0.0
1324,S05_Sess05_FB065,1.0
1325,S05_Sess05_FB066,1.0
1326,S05_Sess05_FB067,1.0
1327,S05_Sess05_FB068,1.0
1328,S05_Sess05_FB069,1.0
1329,S05_Sess05_FB070,1.0
1330,S05_Sess05_FB071,1.0
1331,S05_Sess05_FB072,1.0
1332,S05_Sess05_FB073,0.0
1333,S05_Sess05_FB074,1.0
1334,S05_Sess05_FB075,1.0
1335,S05_Sess05_FB076,1.0
1336,S05_Sess05_FB077,1.0
1337,S05_Sess05_FB078,1.0
1338,S05_Sess05_FB079,1.0
1339,S05_Sess05_FB080,1.0
1340,S05_Sess05_FB081,1.0
1341,S05_Sess05_FB082,1.0
1342,S05_Sess05_FB083,1.0
1343,S05_Sess05_FB084,1.0
1344,S05_Sess05_FB085,0.0
1345,S05_Sess05_FB086,1.0
1346,S05_Sess05_FB087,1.0
1347,S05_Sess05_FB088,1.0
1348,S05_Sess05_FB089,1.0
1349,S05_Sess05_FB090,1.0
1350,S05_Sess05_FB091,1.0
1351,S05_Sess05_FB092,0.0
1352,S05_Sess05_FB093,1.0
1353,S05_Sess05_FB094,0.0
1354,S05_Sess05_FB095,1.0
1355,S05_Sess05_FB096,0.0
1356,S05_Sess05_FB097,1.0
1357,S05_Sess05_FB098,1.0
1358,S05_Sess05_FB099,1.0
1359,S05_Sess05_FB100,1.0
1360,S08_Sess01_FB001,1.0
1361,S08_Sess01_FB002,1.0
1362,S08_Sess01_FB003,1.0
1363,S08_Sess01_FB004,1.0
1364,S08_Sess01_FB005,1.0
1365,S08_Sess01_FB006,1.0
1366,S08_Sess01_FB007,1.0
1367,S08_Sess01_FB008,1.0
1368,S08_Sess01_FB009,1.0
1369,S08_Sess01_FB010,1.0
1370,S08_Sess01_FB011,1.0
1371,S08_Sess01_FB012,1.0
1372,S08_Sess01_FB013,1.0
1373,S08_Sess01_FB014,1.0
1374,S08_Sess01_FB015,1.0
1375,S08_Sess01_FB016,1.0
1376,S08_Sess01_FB017,1.0
1377,S08_Sess01_FB018,1.0
1378,S08_Sess01_FB019,1.0
1379,S08_Sess01_FB020,1.0
1380,S08_Sess01_FB021,1.0
1381,S08_Sess01_FB022,1.0
1382,S08_Sess01_FB023,1.0
1383,S08_Sess01_FB024,1.0
1384,S08_Sess01_FB025,1.0
1385,S08_Sess01_FB026,1.0
1386,S08_Sess01_FB027,1.0
1387,S08_Sess01_FB028,1.0
1388,S08_Sess01_FB029,1.0
1389,S08_Sess01_FB030,1.0
1390,S08_Sess01_FB031,1.0
1391,S08_Sess01_FB032,1.0
1392,S08_Sess01_FB033,1.0
1393,S08_Sess01_FB034,1.0
1394,S08_Sess01_FB035,1.0
1395,S08_Sess01_FB036,1.0
1396,S08_Sess01_FB037,1.0
1397,S08_Sess01_FB038,1.0
1398,S08_Sess01_FB039,1.0
1399,S08_Sess01_FB040,1.0
1400,S08_Sess01_FB041,1.0
1401,S08_Sess01_FB042,1.0
1402,S08_Sess01_FB043,1.0
1403,S08_Sess01_FB044,1.0
1404,S08_Sess01_FB045,1.0
1405,S08_Sess01_FB046,1.0
1406,S08_Sess01_FB047,1.0
1407,S08_Sess01_FB048,1.0
1408,S08_Sess01_FB049,1.0
1409,S08_Sess01_FB050,1.0
1410,S08_Sess01_FB051,1.0
1411,S08_Sess01_FB052,1.0
1412,S08_Sess01_FB053,1.0
1413,S08_Sess01_FB054,0.0
1414,S08_Sess01_FB055,1.0
1415,S08_Sess01_FB056,1.0
1416,S08_Sess01_FB057,1.0
1417,S08_Sess01_FB058,1.0
1418,S08_Sess01_FB059,1.0
1419,S08_Sess01_FB060,1.0
1420,S08_Sess02_FB001,1.0
1421,S08_Sess02_FB002,1.0
1422,S08_Sess02_FB003,1.0
1423,S08_Sess02_FB004,1.0
1424,S08_Sess02_FB005,1.0
1425,S08_Sess02_FB006,1.0
1426,S08_Sess02_FB007,1.0
1427,S08_Sess02_FB008,1.0
1428,S08_Sess02_FB009,1.0
1429,S08_Sess02_FB010,0.0
1430,S08_Sess02_FB011,1.0
1431,S08_Sess02_FB012,1.0
1432,S08_Sess02_FB013,1.0
1433,S08_Sess02_FB014,1.0
1434,S08_Sess02_FB015,1.0
1435,S08_Sess02_FB016,1.0
1436,S08_Sess02_FB017,1.0
1437,S08_Sess02_FB018,1.0
1438,S08_Sess02_FB019,1.0
1439,S08_Sess02_FB020,1.0
1440,S08_Sess02_FB021,1.0
1441,S08_Sess02_FB022,1.0
1442,S08_Sess02_FB023,1.0
1443,S08_Sess02_FB024,1.0
1444,S08_Sess02_FB025,1.0
1445,S08_Sess02_FB026,1.0
1446,S08_Sess02_FB027,1.0
1447,S08_Sess02_FB028,1.0
1448,S08_Sess02_FB029,1.0
1449,S08_Sess02_FB030,1.0
1450,S08_Sess02_FB031,1.0
1451,S08_Sess02_FB032,1.0
1452,S08_Sess02_FB033,1.0
1453,S08_Sess02_FB034,1.0
1454,S08_Sess02_FB035,1.0
1455,S08_Sess02_FB036,1.0
1456,S08_Sess02_FB037,1.0
1457,S08_Sess02_FB038,1.0
1458,S08_Sess02_FB039,1.0
1459,S08_Sess02_FB040,1.0
1460,S08_Sess02_FB041,1.0
1461,S08_Sess02_FB042,1.0
1462,S08_Sess02_FB043,1.0
1463,S08_Sess02_FB044,1.0
1464,S08_Sess02_FB045,1.0
1465,S08_Sess02_FB046,1.0
1466,S08_Sess02_FB047,1.0
1467,S08_Sess02_FB048,1.0
1468,S08_Sess02_FB049,1.0
1469,S08_Sess02_FB050,1.0
1470,S08_Sess02_FB051,1.0
1471,S08_Sess02_FB052,1.0
1472,S08_Sess02_FB053,1.0
1473,S08_Sess02_FB054,1.0
1474,S08_Sess02_FB055,1.0
1475,S08_Sess02_FB056,1.0
1476,S08_Sess02_FB057,1.0
1477,S08_Sess02_FB058,1.0
1478,S08_Sess02_FB059,0.0
1479,S08_Sess02_FB060,1.0
1480,S08_Sess03_FB001,1.0
1481,S08_Sess03_FB002,1.0
1482,S08_Sess03_FB003,1.0
1483,S08_Sess03_FB004,1.0
1484,S08_Sess03_FB005,1.0
1485,S08_Sess03_FB006,1.0
1486,S08_Sess03_FB007,1.0
1487,S08_Sess03_FB008,1.0
1488,S08_Sess03_FB009,1.0
1489,S08_Sess03_FB010,1.0
1490,S08_Sess03_FB011,1.0
1491,S08_Sess03_FB012,1.0
1492,S08_Sess03_FB013,1.0
1493,S08_Sess03_FB014,1.0
1494,S08_Sess03_FB015,1.0
1495,S08_Sess03_FB016,1.0
1496,S08_Sess03_FB017,1.0
1497,S08_Sess03_FB018,1.0
1498,S08_Sess03_FB019,1.0
1499,S08_Sess03_FB020,1.0
1500,S08_Sess03_FB021,1.0
1501,S08_Sess03_FB022,1.0
1502,S08_Sess03_FB023,1.0
1503,S08_Sess03_FB024,1.0
1504,S08_Sess03_FB025,1.0
1505,S08_Sess03_FB026,1.0
1506,S08_Sess03_FB027,1.0
1507,S08_Sess03_FB028,1.0
1508,S08_Sess03_FB029,1.0
1509,S08_Sess03_FB030,1.0
1510,S08_Sess03_FB031,1.0
1511,S08_Sess03_FB032,0.0
1512,S08_Sess03_FB033,1.0
1513,S08_Sess03_FB034,1.0
1514,S08_Sess03_FB035,1.0
1515,S08_Sess03_FB036,1.0
1516,S08_Sess03_FB037,1.0
1517,S08_Sess03_FB038,0.0
1518,S08_Sess03_FB039,1.0
1519,S08_Sess03_FB040,1.0
1520,S08_Sess03_FB041,1.0
1521,S08_Sess03_FB042,1.0
1522,S08_Sess03_FB043,1.0
1523,S08_Sess03_FB044,1.0
1524,S08_Sess03_FB045,1.0
1525,S08_Sess03_FB046,1.0
1526,S08_Sess03_FB047,1.0
1527,S08_Sess03_FB048,1.0
1528,S08_Sess03_FB049,1.0
1529,S08_Sess03_FB050,1.0
1530,S08_Sess03_FB051,1.0
1531,S08_Sess03_FB052,0.0
1532,S08_Sess03_FB053,1.0
1533,S08_Sess03_FB054,1.0
1534,S08_Sess03_FB055,1.0
1535,S08_Sess03_FB056,1.0
1536,S08_Sess03_FB057,1.0
1537,S08_Sess03_FB058,1.0
1538,S08_Sess03_FB059,1.0
1539,S08_Sess03_FB060,1.0
1540,S08_Sess04_FB001,1.0
1541,S08_Sess04_FB002,1.0
1542,S08_Sess04_FB003,1.0
1543,S08_Sess04_FB004,1.0
1544,S08_Sess04_FB005,1.0
1545,S08_Sess04_FB006,1.0
1546,S08_Sess04_FB007,1.0
1547,S08_Sess04_FB008,1.0
1548,S08_Sess04_FB009,1.0
1549,S08_Sess04_FB010,1.0
1550,S08_Sess04_FB011,1.0
1551,S08_Sess04_FB012,1.0
1552,S08_Sess04_FB013,0.0
1553,S08_Sess04_FB014,1.0
1554,S08_Sess04_FB015,1.0
1555,S08_Sess04_FB016,0.0
1556,S08_Sess04_FB017,1.0
1557,S08_Sess04_FB018,1.0
1558,S08_Sess04_FB019,1.0
1559,S08_Sess04_FB020,1.0
1560,S08_Sess04_FB021,1.0
1561,S08_Sess04_FB022,1.0
1562,S08_Sess04_FB023,1.0
1563,S08_Sess04_FB024,1.0
1564,S08_Sess04_FB025,1.0
1565,S08_Sess04_FB026,1.0
1566,S08_Sess04_FB027,1.0
1567,S08_Sess04_FB028,1.0
1568,S08_Sess04_FB029,1.0
1569,S08_Sess04_FB030,1.0
1570,S08_Sess04_FB031,1.0
1571,S08_Sess04_FB032,1.0
1572,S08_Sess04_FB033,1.0
1573,S08_Sess04_FB034,1.0
1574,S08_Sess04_FB035,1.0
1575,S08_Sess04_FB036,1.0
1576,S08_Sess04_FB037,1.0
1577,S08_Sess04_FB038,1.0
1578,S08_Sess04_FB039,1.0
1579,S08_Sess04_FB040,1.0
1580,S08_Sess04_FB041,1.0
1581,S08_Sess04_FB042,1.0
1582,S08_Sess04_FB043,1.0
1583,S08_Sess04_FB044,1.0
1584,S08_Sess04_FB045,1.0
1585,S08_Sess04_FB046,1.0
1586,S08_Sess04_FB047,1.0
1587,S08_Sess04_FB048,1.0
1588,S08_Sess04_FB049,1.0
1589,S08_Sess04_FB050,1.0
1590,S08_Sess04_FB051,1.0
1591,S08_Sess04_FB052,1.0
1592,S08_Sess04_FB053,0.0
1593,S08_Sess04_FB054,1.0
1594,S08_Sess04_FB055,1.0
1595,S08_Sess04_FB056,1.0
1596,S08_Sess04_FB057,1.0
1597,S08_Sess04_FB058,1.0
1598,S08_Sess04_FB059,1.0
1599,S08_Sess04_FB060,1.0
1600,S08_Sess05_FB001,1.0
1601,S08_Sess05_FB002,1.0
1602,S08_Sess05_FB003,0.0
1603,S08_Sess05_FB004,1.0
1604,S08_Sess05_FB005,1.0
1605,S08_Sess05_FB006,1.0
1606,S08_Sess05_FB007,1.0
1607,S08_Sess05_FB008,1.0
1608,S08_Sess05_FB009,1.0
1609,S08_Sess05_FB010,1.0
1610,S08_Sess05_FB011,1.0
1611,S08_Sess05_FB012,1.0
1612,S08_Sess05_FB013,1.0
1613,S08_Sess05_FB014,1.0
1614,S08_Sess05_FB015,1.0
1615,S08_Sess05_FB016,1.0
1616,S08_Sess05_FB017,1.0
1617,S08_Sess05_FB018,1.0
1618,S08_Sess05_FB019,1.0
1619,S08_Sess05_FB020,1.0
1620,S08_Sess05_FB021,1.0
1621,S08_Sess05_FB022,1.0
1622,S08_Sess05_FB023,1.0
1623,S08_Sess05_FB024,1.0
1624,S08_Sess05_FB025,1.0
1625,S08_Sess05_FB026,1.0
1626,S08_Sess05_FB027,1.0
1627,S08_Sess05_FB028,1.0
1628,S08_Sess05_FB029,1.0
1629,S08_Sess05_FB030,0.0
1630,S08_Sess05_FB031,1.0
1631,S08_Sess05_FB032,1.0
1632,S08_Sess05_FB033,0.0
1633,S08_Sess05_FB034,1.0
1634,S08_Sess05_FB035,1.0
1635,S08_Sess05_FB036,1.0
1636,S08_Sess05_FB037,1.0
1637,S08_Sess05_FB038,1.0
1638,S08_Sess05_FB039,1.0
1639,S08_Sess05_FB040,1.0
1640,S08_Sess05_FB041,1.0
1641,S08_Sess05_FB042,1.0
1642,S08_Sess05_FB043,1.0
1643,S08_Sess05_FB044,1.0
1644,S08_Sess05_FB045,1.0
1645,S08_Sess05_FB046,1.0
1646,S08_Sess05_FB047,1.0
1647,S08_Sess05_FB048,1.0
1648,S08_Sess05_FB049,1.0
1649,S08_Sess05_FB050,1.0
1650,S08_Sess05_FB051,1.0
1651,S08_Sess05_FB052,1.0
1652,S08_Sess05_FB053,1.0
1653,S08_Sess05_FB054,1.0
1654,S08_Sess05_FB055,1.0
1655,S08_Sess05_FB056,1.0
1656,S08_Sess05_FB057,1.0
1657,S08_Sess05_FB058,1.0
1658,S08_Sess05_FB059,1.0
1659,S08_Sess05_FB060,1.0
1660,S08_Sess05_FB061,1.0
1661,S08_Sess05_FB062,1.0
1662,S08_Sess05_FB063,1.0
1663,S08_Sess05_FB064,1.0
1664,S08_Sess05_FB065,1.0
1665,S08_Sess05_FB066,1.0
1666,S08_Sess05_FB067,1.0
1667,S08_Sess05_FB068,1.0
1668,S08_Sess05_FB069,1.0
1669,S08_Sess05_FB070,1.0
1670,S08_Sess05_FB071,1.0
1671,S08_Sess05_FB072,1.0
1672,S08_Sess05_FB073,1.0
1673,S08_Sess05_FB074,1.0
1674,S08_Sess05_FB075,1.0
1675,S08_Sess05_FB076,1.0
1676,S08_Sess05_FB077,1.0
1677,S08_Sess05_FB078,1.0
1678,S08_Sess05_FB079,1.0
1679,S08_Sess05_FB080,0.0
1680,S08_Sess05_FB081,1.0
1681,S08_Sess05_FB082,1.0
1682,S08_Sess05_FB083,1.0
1683,S08_Sess05_FB084,1.0
1684,S08_Sess05_FB085,1.0
1685,S08_Sess05_FB086,1.0
1686,S08_Sess05_FB087,1.0
1687,S08_Sess05_FB088,0.0
1688,S08_Sess05_FB089,1.0
1689,S08_Sess05_FB090,1.0
1690,S08_Sess05_FB091,1.0
1691,S08_Sess05_FB092,1.0
1692,S08_Sess05_FB093,0.0
1693,S08_Sess05_FB094,1.0
1694,S08_Sess05_FB095,1.0
1695,S08_Sess05_FB096,1.0
1696,S08_Sess05_FB097,1.0
1697,S08_Sess05_FB098,1.0
1698,S08_Sess05_FB099,1.0
1699,S08_Sess05_FB100,1.0
1700,S09_Sess01_FB001,1.0
1701,S09_Sess01_FB002,1.0
1702,S09_Sess01_FB003,1.0
1703,S09_Sess01_FB004,1.0
1704,S09_Sess01_FB005,1.0
1705,S09_Sess01_FB006,1.0
1706,S09_Sess01_FB007,1.0
1707,S09_Sess01_FB008,1.0
1708,S09_Sess01_FB009,1.0
1709,S09_Sess01_FB010,1.0
1710,S09_Sess01_FB011,1.0
1711,S09_Sess01_FB012,1.0
1712,S09_Sess01_FB013,1.0
1713,S09_Sess01_FB014,1.0
1714,S09_Sess01_FB015,1.0
1715,S09_Sess01_FB016,1.0
1716,S09_Sess01_FB017,1.0
1717,S09_Sess01_FB018,1.0
1718,S09_Sess01_FB019,1.0
1719,S09_Sess01_FB020,1.0
1720,S09_Sess01_FB021,1.0
1721,S09_Sess01_FB022,1.0
1722,S09_Sess01_FB023,1.0
1723,S09_Sess01_FB024,1.0
1724,S09_Sess01_FB025,1.0
1725,S09_Sess01_FB026,1.0
1726,S09_Sess01_FB027,1.0
1727,S09_Sess01_FB028,1.0
1728,S09_Sess01_FB029,1.0
1729,S09_Sess01_FB030,1.0
1730,S09_Sess01_FB031,1.0
1731,S09_Sess01_FB032,1.0
1732,S09_Sess01_FB033,1.0
1733,S09_Sess01_FB034,1.0
1734,S09_Sess01_FB035,1.0
1735,S09_Sess01_FB036,1.0
1736,S09_Sess01_FB037,1.0
1737,S09_Sess01_FB038,1.0
1738,S09_Sess01_FB039,1.0
1739,S09_Sess01_FB040,1.0
1740,S09_Sess01_FB041,1.0
1741,S09_Sess01_FB042,1.0
1742,S09_Sess01_FB043,1.0
1743,S09_Sess01_FB044,1.0
1744,S09_Sess01_FB045,1.0
1745,S09_Sess01_FB046,1.0
1746,S09_Sess01_FB047,1.0
1747,S09_Sess01_FB048,1.0
1748,S09_Sess01_FB049,1.0
1749,S09_Sess01_FB050,1.0
1750,S09_Sess01_FB051,1.0
1751,S09_Sess01_FB052,0.0
1752,S09_Sess01_FB053,1.0
1753,S09_Sess01_FB054,1.0
1754,S09_Sess01_FB055,1.0
1755,S09_Sess01_FB056,1.0
1756,S09_Sess01_FB057,1.0
1757,S09_Sess01_FB058,1.0
1758,S09_Sess01_FB059,1.0
1759,S09_Sess01_FB060,1.0
1760,S09_Sess02_FB001,1.0
1761,S09_Sess02_FB002,1.0
1762,S09_Sess02_FB003,1.0
1763,S09_Sess02_FB004,1.0
1764,S09_Sess02_FB005,1.0
1765,S09_Sess02_FB006,1.0
1766,S09_Sess02_FB007,1.0
1767,S09_Sess02_FB008,1.0
1768,S09_Sess02_FB009,1.0
1769,S09_Sess02_FB010,1.0
1770,S09_Sess02_FB011,1.0
1771,S09_Sess02_FB012,1.0
1772,S09_Sess02_FB013,1.0
1773,S09_Sess02_FB014,1.0
1774,S09_Sess02_FB015,1.0
1775,S09_Sess02_FB016,1.0
1776,S09_Sess02_FB017,1.0
1777,S09_Sess02_FB018,1.0
1778,S09_Sess02_FB019,1.0
1779,S09_Sess02_FB020,1.0
1780,S09_Sess02_FB021,1.0
1781,S09_Sess02_FB022,1.0
1782,S09_Sess02_FB023,1.0
1783,S09_Sess02_FB024,1.0
1784,S09_Sess02_FB025,1.0
1785,S09_Sess02_FB026,1.0
1786,S09_Sess02_FB027,1.0
1787,S09_Sess02_FB028,1.0
1788,S09_Sess02_FB029,1.0
1789,S09_Sess02_FB030,1.0
1790,S09_Sess02_FB031,1.0
1791,S09_Sess02_FB032,1.0
1792,S09_Sess02_FB033,1.0
1793,S09_Sess02_FB034,1.0
1794,S09_Sess02_FB035,1.0
1795,S09_Sess02_FB036,1.0
1796,S09_Sess02_FB037,1.0
1797,S09_Sess02_FB038,1.0
1798,S09_Sess02_FB039,1.0
1799,S09_Sess02_FB040,1.0
1800,S09_Sess02_FB041,1.0
1801,S09_Sess02_FB042,1.0
1802,S09_Sess02_FB043,1.0
1803,S09_Sess02_FB044,1.0
1804,S09_Sess02_FB045,1.0
1805,S09_Sess02_FB046,1.0
1806,S09_Sess02_FB047,1.0
1807,S09_Sess02_FB048,1.0
1808,S09_Sess02_FB049,1.0
1809,S09_Sess02_FB050,1.0
1810,S09_Sess02_FB051,1.0
1811,S09_Sess02_FB052,1.0
1812,S09_Sess02_FB053,1.0
1813,S09_Sess02_FB054,1.0
1814,S09_Sess02_FB055,1.0
1815,S09_Sess02_FB056,1.0
1816,S09_Sess02_FB057,1.0
1817,S09_Sess02_FB058,1.0
1818,S09_Sess02_FB059,1.0
1819,S09_Sess02_FB060,1.0
1820,S09_Sess03_FB001,1.0
1821,S09_Sess03_FB002,1.0
1822,S09_Sess03_FB003,1.0
1823,S09_Sess03_FB004,1.0
1824,S09_Sess03_FB005,1.0
1825,S09_Sess03_FB006,1.0
1826,S09_Sess03_FB007,1.0
1827,S09_Sess03_FB008,1.0
1828,S09_Sess03_FB009,1.0
1829,S09_Sess03_FB010,1.0
1830,S09_Sess03_FB011,1.0
1831,S09_Sess03_FB012,1.0
1832,S09_Sess03_FB013,1.0
1833,S09_Sess03_FB014,1.0
1834,S09_Sess03_FB015,1.0
1835,S09_Sess03_FB016,1.0
1836,S09_Sess03_FB017,1.0
1837,S09_Sess03_FB018,1.0
1838,S09_Sess03_FB019,1.0
1839,S09_Sess03_FB020,1.0
1840,S09_Sess03_FB021,1.0
1841,S09_Sess03_FB022,1.0
1842,S09_Sess03_FB023,1.0
1843,S09_Sess03_FB024,1.0
1844,S09_Sess03_FB025,1.0
1845,S09_Sess03_FB026,1.0
1846,S09_Sess03_FB027,1.0
1847,S09_Sess03_FB028,1.0
1848,S09_Sess03_FB029,1.0
1849,S09_Sess03_FB030,1.0
1850,S09_Sess03_FB031,1.0
1851,S09_Sess03_FB032,1.0
1852,S09_Sess03_FB033,1.0
1853,S09_Sess03_FB034,1.0
1854,S09_Sess03_FB035,1.0
1855,S09_Sess03_FB036,1.0
1856,S09_Sess03_FB037,1.0
1857,S09_Sess03_FB038,1.0
1858,S09_Sess03_FB039,1.0
1859,S09_Sess03_FB040,1.0
1860,S09_Sess03_FB041,1.0
1861,S09_Sess03_FB042,1.0
1862,S09_Sess03_FB043,1.0
1863,S09_Sess03_FB044,1.0
1864,S09_Sess03_FB045,1.0
1865,S09_Sess03_FB046,1.0
1866,S09_Sess03_FB047,1.0
1867,S09_Sess03_FB048,1.0
1868,S09_Sess03_FB049,1.0
1869,S09_Sess03_FB050,1.0
1870,S09_Sess03_FB051,1.0
1871,S09_Sess03_FB052,1.0
1872,S09_Sess03_FB053,1.0
1873,S09_Sess03_FB054,1.0
1874,S09_Sess03_FB055,1.0
1875,S09_Sess03_FB056,1.0
1876,S09_Sess03_FB057,1.0
1877,S09_Sess03_FB058,1.0
1878,S09_Sess03_FB059,0.0
1879,S09_Sess03_FB060,1.0
1880,S09_Sess04_FB001,1.0
1881,S09_Sess04_FB002,1.0
1882,S09_Sess04_FB003,1.0
1883,S09_Sess04_FB004,1.0
1884,S09_Sess04_FB005,1.0
1885,S09_Sess04_FB006,1.0
1886,S09_Sess04_FB007,1.0
1887,S09_Sess04_FB008,1.0
1888,S09_Sess04_FB009,1.0
1889,S09_Sess04_FB010,1.0
1890,S09_Sess04_FB011,1.0
1891,S09_Sess04_FB012,1.0
1892,S09_Sess04_FB013,1.0
1893,S09_Sess04_FB014,1.0
1894,S09_Sess04_FB015,1.0
1895,S09_Sess04_FB016,1.0
1896,S09_Sess04_FB017,1.0
1897,S09_Sess04_FB018,1.0
1898,S09_Sess04_FB019,1.0
1899,S09_Sess04_FB020,1.0
1900,S09_Sess04_FB021,1.0
1901,S09_Sess04_FB022,0.0
1902,S09_Sess04_FB023,1.0
1903,S09_Sess04_FB024,1.0
1904,S09_Sess04_FB025,1.0
1905,S09_Sess04_FB026,1.0
1906,S09_Sess04_FB027,1.0
1907,S09_Sess04_FB028,1.0
1908,S09_Sess04_FB029,1.0
1909,S09_Sess04_FB030,1.0
1910,S09_Sess04_FB031,1.0
1911,S09_Sess04_FB032,1.0
1912,S09_Sess04_FB033,1.0
1913,S09_Sess04_FB034,1.0
1914,S09_Sess04_FB035,1.0
1915,S09_Sess04_FB036,1.0
1916,S09_Sess04_FB037,1.0
1917,S09_Sess04_FB038,1.0
1918,S09_Sess04_FB039,1.0
1919,S09_Sess04_FB040,1.0
1920,S09_Sess04_FB041,1.0
1921,S09_Sess04_FB042,1.0
1922,S09_Sess04_FB043,1.0
1923,S09_Sess04_FB044,1.0
1924,S09_Sess04_FB045,1.0
1925,S09_Sess04_FB046,1.0
1926,S09_Sess04_FB047,1.0
1927,S09_Sess04_FB048,1.0
1928,S09_Sess04_FB049,1.0
1929,S09_Sess04_FB050,1.0
1930,S09_Sess04_FB051,1.0
1931,S09_Sess04_FB052,1.0
1932,S09_Sess04_FB053,1.0
1933,S09_Sess04_FB054,1.0
1934,S09_Sess04_FB055,1.0
1935,S09_Sess04_FB056,1.0
1936,S09_Sess04_FB057,1.0
1937,S09_Sess04_FB058,1.0
1938,S09_Sess04_FB059,1.0
1939,S09_Sess04_FB060,1.0
1940,S09_Sess05_FB001,1.0
1941,S09_Sess05_FB002,1.0
1942,S09_Sess05_FB003,1.0
1943,S09_Sess05_FB004,1.0
1944,S09_Sess05_FB005,1.0
1945,S09_Sess05_FB006,1.0
1946,S09_Sess05_FB007,1.0
1947,S09_Sess05_FB008,1.0
1948,S09_Sess05_FB009,1.0
1949,S09_Sess05_FB010,1.0
1950,S09_Sess05_FB011,1.0
1951,S09_Sess05_FB012,1.0
1952,S09_Sess05_FB013,1.0
1953,S09_Sess05_FB014,0.0
1954,S09_Sess05_FB015,1.0
1955,S09_Sess05_FB016,1.0
1956,S09_Sess05_FB017,1.0
1957,S09_Sess05_FB018,1.0
1958,S09_Sess05_FB019,1.0
1959,S09_Sess05_FB020,1.0
1960,S09_Sess05_FB021,1.0
1961,S09_Sess05_FB022,1.0
1962,S09_Sess05_FB023,1.0
1963,S09_Sess05_FB024,1.0
1964,S09_Sess05_FB025,1.0
1965,S09_Sess05_FB026,1.0
1966,S09_Sess05_FB027,1.0
1967,S09_Sess05_FB028,1.0
1968,S09_Sess05_FB029,1.0
1969,S09_Sess05_FB030,1.0
1970,S09_Sess05_FB031,0.0
1971,S09_Sess05_FB032,1.0
1972,S09_Sess05_FB033,1.0
1973,S09_Sess05_FB034,1.0
1974,S09_Sess05_FB035,1.0
1975,S09_Sess05_FB036,1.0
1976,S09_Sess05_FB037,1.0
1977,S09_Sess05_FB038,1.0
1978,S09_Sess05_FB039,1.0
1979,S09_Sess05_FB040,1.0
1980,S09_Sess05_FB041,1.0
1981,S09_Sess05_FB042,1.0
1982,S09_Sess05_FB043,1.0
1983,S09_Sess05_FB044,1.0
1984,S09_Sess05_FB045,0.0
1985,S09_Sess05_FB046,1.0
1986,S09_Sess05_FB047,1.0
1987,S09_Sess05_FB048,1.0
1988,S09_Sess05_FB049,1.0
1989,S09_Sess05_FB050,1.0
1990,S09_Sess05_FB051,0.0
1991,S09_Sess05_FB052,1.0
1992,S09_Sess05_FB053,1.0
1993,S09_Sess05_FB054,1.0
1994,S09_Sess05_FB055,1.0
1995,S09_Sess05_FB056,1.0
1996,S09_Sess05_FB057,1.0
1997,S09_Sess05_FB058,1.0
1998,S09_Sess05_FB059,1.0
1999,S09_Sess05_FB060,1.0
2000,S09_Sess05_FB061,0.0
2001,S09_Sess05_FB062,1.0
2002,S09_Sess05_FB063,1.0
2003,S09_Sess05_FB064,1.0
2004,S09_Sess05_FB065,1.0
2005,S09_Sess05_FB066,1.0
2006,S09_Sess05_FB067,1.0
2007,S09_Sess05_FB068,1.0
2008,S09_Sess05_FB069,0.0
2009,S09_Sess05_FB070,1.0
2010,S09_Sess05_FB071,1.0
2011,S09_Sess05_FB072,1.0
2012,S09_Sess05_FB073,1.0
2013,S09_Sess05_FB074,1.0
2014,S09_Sess05_FB075,1.0
2015,S09_Sess05_FB076,1.0
2016,S09_Sess05_FB077,1.0
2017,S09_Sess05_FB078,0.0
2018,S09_Sess05_FB079,1.0
2019,S09_Sess05_FB080,1.0
2020,S09_Sess05_FB081,1.0
2021,S09_Sess05_FB082,1.0
2022,S09_Sess05_FB083,1.0
2023,S09_Sess05_FB084,1.0
2024,S09_Sess05_FB085,1.0
2025,S09_Sess05_FB086,1.0
2026,S09_Sess05_FB087,1.0
2027,S09_Sess05_FB088,1.0
2028,S09_Sess05_FB089,1.0
2029,S09_Sess05_FB090,0.0
2030,S09_Sess05_FB091,1.0
2031,S09_Sess05_FB092,0.0
2032,S09_Sess05_FB093,1.0
2033,S09_Sess05_FB094,1.0
2034,S09_Sess05_FB095,0.0
2035,S09_Sess05_FB096,1.0
2036,S09_Sess05_FB097,1.0
2037,S09_Sess05_FB098,1.0
2038,S09_Sess05_FB099,1.0
2039,S09_Sess05_FB100,1.0
2040,S10_Sess01_FB001,1.0
2041,S10_Sess01_FB002,1.0
2042,S10_Sess01_FB003,1.0
2043,S10_Sess01_FB004,1.0
2044,S10_Sess01_FB005,1.0
2045,S10_Sess01_FB006,1.0
2046,S10_Sess01_FB007,1.0
2047,S10_Sess01_FB008,1.0
2048,S10_Sess01_FB009,0.0
2049,S10_Sess01_FB010,1.0
2050,S10_Sess01_FB011,1.0
2051,S10_Sess01_FB012,1.0
2052,S10_Sess01_FB013,1.0
2053,S10_Sess01_FB014,1.0
2054,S10_Sess01_FB015,1.0
2055,S10_Sess01_FB016,1.0
2056,S10_Sess01_FB017,1.0
2057,S10_Sess01_FB018,1.0
2058,S10_Sess01_FB019,1.0
2059,S10_Sess01_FB020,1.0
2060,S10_Sess01_FB021,1.0
2061,S10_Sess01_FB022,0.0
2062,S10_Sess01_FB023,1.0
2063,S10_Sess01_FB024,1.0
2064,S10_Sess01_FB025,1.0
2065,S10_Sess01_FB026,1.0
2066,S10_Sess01_FB027,1.0
2067,S10_Sess01_FB028,1.0
2068,S10_Sess01_FB029,1.0
2069,S10_Sess01_FB030,1.0
2070,S10_Sess01_FB031,1.0
2071,S10_Sess01_FB032,1.0
2072,S10_Sess01_FB033,1.0
2073,S10_Sess01_FB034,1.0
2074,S10_Sess01_FB035,1.0
2075,S10_Sess01_FB036,1.0
2076,S10_Sess01_FB037,1.0
2077,S10_Sess01_FB038,1.0
2078,S10_Sess01_FB039,1.0
2079,S10_Sess01_FB040,1.0
2080,S10_Sess01_FB041,1.0
2081,S10_Sess01_FB042,1.0
2082,S10_Sess01_FB043,1.0
2083,S10_Sess01_FB044,1.0
2084,S10_Sess01_FB045,1.0
2085,S10_Sess01_FB046,1.0
2086,S10_Sess01_FB047,1.0
2087,S10_Sess01_FB048,1.0
2088,S10_Sess01_FB049,1.0
2089,S10_Sess01_FB050,1.0
2090,S10_Sess01_FB051,1.0
2091,S10_Sess01_FB052,1.0
2092,S10_Sess01_FB053,1.0
2093,S10_Sess01_FB054,1.0
2094,S10_Sess01_FB055,1.0
2095,S10_Sess01_FB056,1.0
2096,S10_Sess01_FB057,1.0
2097,S10_Sess01_FB058,1.0
2098,S10_Sess01_FB059,1.0
2099,S10_Sess01_FB060,1.0
2100,S10_Sess02_FB001,1.0
2101,S10_Sess02_FB002,1.0
2102,S10_Sess02_FB003,1.0
2103,S10_Sess02_FB004,1.0
2104,S10_Sess02_FB005,1.0
2105,S10_Sess02_FB006,1.0
2106,S10_Sess02_FB007,1.0
2107,S10_Sess02_FB008,1.0
2108,S10_Sess02_FB009,1.0
2109,S10_Sess02_FB010,1.0
2110,S10_Sess02_FB011,0.0
2111,S10_Sess02_FB012,1.0
2112,S10_Sess02_FB013,1.0
2113,S10_Sess02_FB014,1.0
2114,S10_Sess02_FB015,1.0
2115,S10_Sess02_FB016,1.0
2116,S10_Sess02_FB017,1.0
2117,S10_Sess02_FB018,1.0
2118,S10_Sess02_FB019,1.0
2119,S10_Sess02_FB020,1.0
2120,S10_Sess02_FB021,1.0
2121,S10_Sess02_FB022,1.0
2122,S10_Sess02_FB023,1.0
2123,S10_Sess02_FB024,1.0
2124,S10_Sess02_FB025,1.0
2125,S10_Sess02_FB026,1.0
2126,S10_Sess02_FB027,1.0
2127,S10_Sess02_FB028,1.0
2128,S10_Sess02_FB029,1.0
2129,S10_Sess02_FB030,1.0
2130,S10_Sess02_FB031,1.0
2131,S10_Sess02_FB032,1.0
2132,S10_Sess02_FB033,1.0
2133,S10_Sess02_FB034,1.0
2134,S10_Sess02_FB035,1.0
2135,S10_Sess02_FB036,1.0
2136,S10_Sess02_FB037,1.0
2137,S10_Sess02_FB038,1.0
2138,S10_Sess02_FB039,1.0
2139,S10_Sess02_FB040,1.0
2140,S10_Sess02_FB041,1.0
2141,S10_Sess02_FB042,1.0
2142,S10_Sess02_FB043,1.0
2143,S10_Sess02_FB044,1.0
2144,S10_Sess02_FB045,1.0
2145,S10_Sess02_FB046,1.0
2146,S10_Sess02_FB047,1.0
2147,S10_Sess02_FB048,1.0
2148,S10_Sess02_FB049,1.0
2149,S10_Sess02_FB050,1.0
2150,S10_Sess02_FB051,1.0
2151,S10_Sess02_FB052,1.0
2152,S10_Sess02_FB053,1.0
2153,S10_Sess02_FB054,1.0
2154,S10_Sess02_FB055,0.0
2155,S10_Sess02_FB056,1.0
2156,S10_Sess02_FB057,1.0
2157,S10_Sess02_FB058,1.0
2158,S10_Sess02_FB059,1.0
2159,S10_Sess02_FB060,1.0
2160,S10_Sess03_FB001,1.0
2161,S10_Sess03_FB002,1.0
2162,S10_Sess03_FB003,1.0
2163,S10_Sess03_FB004,1.0
2164,S10_Sess03_FB005,1.0
2165,S10_Sess03_FB006,1.0
2166,S10_Sess03_FB007,1.0
2167,S10_Sess03_FB008,1.0
2168,S10_Sess03_FB009,1.0
2169,S10_Sess03_FB010,1.0
2170,S10_Sess03_FB011,1.0
2171,S10_Sess03_FB012,1.0
2172,S10_Sess03_FB013,1.0
2173,S10_Sess03_FB014,1.0
2174,S10_Sess03_FB015,1.0
2175,S10_Sess03_FB016,1.0
2176,S10_Sess03_FB017,1.0
2177,S10_Sess03_FB018,1.0
2178,S10_Sess03_FB019,1.0
2179,S10_Sess03_FB020,1.0
2180,S10_Sess03_FB021,1.0
2181,S10_Sess03_FB022,1.0
2182,S10_Sess03_FB023,1.0
2183,S10_Sess03_FB024,1.0
2184,S10_Sess03_FB025,1.0
2185,S10_Sess03_FB026,1.0
2186,S10_Sess03_FB027,1.0
2187,S10_Sess03_FB028,1.0
2188,S10_Sess03_FB029,1.0
2189,S10_Sess03_FB030,1.0
2190,S10_Sess03_FB031,1.0
2191,S10_Sess03_FB032,1.0
2192,S10_Sess03_FB033,1.0
2193,S10_Sess03_FB034,1.0
2194,S10_Sess03_FB035,1.0
2195,S10_Sess03_FB036,1.0
2196,S10_Sess03_FB037,1.0
2197,S10_Sess03_FB038,1.0
2198,S10_Sess03_FB039,1.0
2199,S10_Sess03_FB040,1.0
2200,S10_Sess03_FB041,1.0
2201,S10_Sess03_FB042,1.0
2202,S10_Sess03_FB043,1.0
2203,S10_Sess03_FB044,1.0
2204,S10_Sess03_FB045,1.0
2205,S10_Sess03_FB046,1.0
2206,S10_Sess03_FB047,1.0
2207,S10_Sess03_FB048,1.0
2208,S10_Sess03_FB049,1.0
2209,S10_Sess03_FB050,1.0
2210,S10_Sess03_FB051,1.0
2211,S10_Sess03_FB052,1.0
2212,S10_Sess03_FB053,1.0
2213,S10_Sess03_FB054,1.0
2214,S10_Sess03_FB055,1.0
2215,S10_Sess03_FB056,1.0
2216,S10_Sess03_FB057,1.0
2217,S10_Sess03_FB058,1.0
2218,S10_Sess03_FB059,1.0
2219,S10_Sess03_FB060,1.0
2220,S10_Sess04_FB001,0.0
2221,S10_Sess04_FB002,1.0
2222,S10_Sess04_FB003,1.0
2223,S10_Sess04_FB004,1.0
2224,S10_Sess04_FB005,1.0
2225,S10_Sess04_FB006,1.0
2226,S10_Sess04_FB007,1.0
2227,S10_Sess04_FB008,1.0
2228,S10_Sess04_FB009,1.0
2229,S10_Sess04_FB010,1.0
2230,S10_Sess04_FB011,1.0
2231,S10_Sess04_FB012,1.0
2232,S10_Sess04_FB013,1.0
2233,S10_Sess04_FB014,1.0
2234,S10_Sess04_FB015,1.0
2235,S10_Sess04_FB016,1.0
2236,S10_Sess04_FB017,0.0
2237,S10_Sess04_FB018,1.0
2238,S10_Sess04_FB019,1.0
2239,S10_Sess04_FB020,1.0
2240,S10_Sess04_FB021,1.0
2241,S10_Sess04_FB022,1.0
2242,S10_Sess04_FB023,1.0
2243,S10_Sess04_FB024,1.0
2244,S10_Sess04_FB025,1.0
2245,S10_Sess04_FB026,1.0
2246,S10_Sess04_FB027,1.0
2247,S10_Sess04_FB028,1.0
2248,S10_Sess04_FB029,1.0
2249,S10_Sess04_FB030,1.0
2250,S10_Sess04_FB031,1.0
2251,S10_Sess04_FB032,1.0
2252,S10_Sess04_FB033,1.0
2253,S10_Sess04_FB034,1.0
2254,S10_Sess04_FB035,1.0
2255,S10_Sess04_FB036,1.0
2256,S10_Sess04_FB037,1.0
2257,S10_Sess04_FB038,1.0
2258,S10_Sess04_FB039,0.0
2259,S10_Sess04_FB040,1.0
2260,S10_Sess04_FB041,0.0
2261,S10_Sess04_FB042,1.0
2262,S10_Sess04_FB043,1.0
2263,S10_Sess04_FB044,1.0
2264,S10_Sess04_FB045,1.0
2265,S10_Sess04_FB046,1.0
2266,S10_Sess04_FB047,1.0
2267,S10_Sess04_FB048,1.0
2268,S10_Sess04_FB049,1.0
2269,S10_Sess04_FB050,1.0
2270,S10_Sess04_FB051,1.0
2271,S10_Sess04_FB052,1.0
2272,S10_Sess04_FB053,1.0
2273,S10_Sess04_FB054,1.0
2274,S10_Sess04_FB055,1.0
2275,S10_Sess04_FB056,1.0
2276,S10_Sess04_FB057,1.0
2277,S10_Sess04_FB058,1.0
2278,S10_Sess04_FB059,1.0
2279,S10_Sess04_FB060,1.0
2280,S10_Sess05_FB001,1.0
2281,S10_Sess05_FB002,1.0
2282,S10_Sess05_FB003,1.0
2283,S10_Sess05_FB004,1.0
2284,S10_Sess05_FB005,1.0
2285,S10_Sess05_FB006,0.0
2286,S10_Sess05_FB007,1.0
2287,S10_Sess05_FB008,1.0
2288,S10_Sess05_FB009,1.0
2289,S10_Sess05_FB010,1.0
2290,S10_Sess05_FB011,0.0
2291,S10_Sess05_FB012,1.0
2292,S10_Sess05_FB013,1.0
2293,S10_Sess05_FB014,1.0
2294,S10_Sess05_FB015,1.0
2295,S10_Sess05_FB016,1.0
2296,S10_Sess05_FB017,1.0
2297,S10_Sess05_FB018,0.0
2298,S10_Sess05_FB019,1.0
2299,S10_Sess05_FB020,1.0
2300,S10_Sess05_FB021,0.0
2301,S10_Sess05_FB022,0.0
2302,S10_Sess05_FB023,0.0
2303,S10_Sess05_FB024,1.0
2304,S10_Sess05_FB025,1.0
2305,S10_Sess05_FB026,1.0
2306,S10_Sess05_FB027,1.0
2307,S10_Sess05_FB028,1.0
2308,S10_Sess05_FB029,1.0
2309,S10_Sess05_FB030,1.0
2310,S10_Sess05_FB031,1.0
2311,S10_Sess05_FB032,1.0
2312,S10_Sess05_FB033,1.0
2313,S10_Sess05_FB034,1.0
2314,S10_Sess05_FB035,1.0
2315,S10_Sess05_FB036,0.0
2316,S10_Sess05_FB037,1.0
2317,S10_Sess05_FB038,1.0
2318,S10_Sess05_FB039,1.0
2319,S10_Sess05_FB040,1.0
2320,S10_Sess05_FB041,1.0
2321,S10_Sess05_FB042,1.0
2322,S10_Sess05_FB043,1.0
2323,S10_Sess05_FB044,1.0
2324,S10_Sess05_FB045,0.0
2325,S10_Sess05_FB046,1.0
2326,S10_Sess05_FB047,1.0
2327,S10_Sess05_FB048,1.0
2328,S10_Sess05_FB049,1.0
2329,S10_Sess05_FB050,1.0
2330,S10_Sess05_FB051,0.0
2331,S10_Sess05_FB052,1.0
2332,S10_Sess05_FB053,1.0
2333,S10_Sess05_FB054,1.0
2334,S10_Sess05_FB055,1.0
2335,S10_Sess05_FB056,1.0
2336,S10_Sess05_FB057,0.0
2337,S10_Sess05_FB058,0.0
2338,S10_Sess05_FB059,1.0
2339,S10_Sess05_FB060,1.0
2340,S10_Sess05_FB061,0.0
2341,S10_Sess05_FB062,1.0
2342,S10_Sess05_FB063,1.0
2343,S10_Sess05_FB064,0.0
2344,S10_Sess05_FB065,1.0
2345,S10_Sess05_FB066,1.0
2346,S10_Sess05_FB067,0.0
2347,S10_Sess05_FB068,1.0
2348,S10_Sess05_FB069,1.0
2349,S10_Sess05_FB070,0.0
2350,S10_Sess05_FB071,1.0
2351,S10_Sess05_FB072,0.0
2352,S10_Sess05_FB073,1.0
2353,S10_Sess05_FB074,1.0
2354,S10_Sess05_FB075,1.0
2355,S10_Sess05_FB076,1.0
2356,S10_Sess05_FB077,1.0
2357,S10_Sess05_FB078,0.0
2358,S10_Sess05_FB079,1.0
2359,S10_Sess05_FB080,1.0
2360,S10_Sess05_FB081,1.0
2361,S10_Sess05_FB082,1.0
2362,S10_Sess05_FB083,1.0
2363,S10_Sess05_FB084,1.0
2364,S10_Sess05_FB085,0.0
2365,S10_Sess05_FB086,1.0
2366,S10_Sess05_FB087,1.0
2367,S10_Sess05_FB088,0.0
2368,S10_Sess05_FB089,1.0
2369,S10_Sess05_FB090,1.0
2370,S10_Sess05_FB091,1.0
2371,S10_Sess05_FB092,1.0
2372,S10_Sess05_FB093,1.0
2373,S10_Sess05_FB094,1.0
2374,S10_Sess05_FB095,1.0
2375,S10_Sess05_FB096,1.0
2376,S10_Sess05_FB097,1.0
2377,S10_Sess05_FB098,1.0
2378,S10_Sess05_FB099,1.0
2379,S10_Sess05_FB100,1.0
2380,S15_Sess01_FB001,1.0
2381,S15_Sess01_FB002,1.0
2382,S15_Sess01_FB003,1.0
2383,S15_Sess01_FB004,1.0
2384,S15_Sess01_FB005,1.0
2385,S15_Sess01_FB006,1.0
2386,S15_Sess01_FB007,1.0
2387,S15_Sess01_FB008,1.0
2388,S15_Sess01_FB009,1.0
2389,S15_Sess01_FB010,1.0
2390,S15_Sess01_FB011,1.0
2391,S15_Sess01_FB012,1.0
2392,S15_Sess01_FB013,1.0
2393,S15_Sess01_FB014,1.0
2394,S15_Sess01_FB015,1.0
2395,S15_Sess01_FB016,1.0
2396,S15_Sess01_FB017,1.0
2397,S15_Sess01_FB018,1.0
2398,S15_Sess01_FB019,1.0
2399,S15_Sess01_FB020,1.0
2400,S15_Sess01_FB021,1.0
2401,S15_Sess01_FB022,1.0
2402,S15_Sess01_FB023,1.0
2403,S15_Sess01_FB024,1.0
2404,S15_Sess01_FB025,1.0
2405,S15_Sess01_FB026,1.0
2406,S15_Sess01_FB027,1.0
2407,S15_Sess01_FB028,1.0
2408,S15_Sess01_FB029,1.0
2409,S15_Sess01_FB030,1.0
2410,S15_Sess01_FB031,1.0
2411,S15_Sess01_FB032,1.0
2412,S15_Sess01_FB033,1.0
2413,S15_Sess01_FB034,1.0
2414,S15_Sess01_FB035,1.0
2415,S15_Sess01_FB036,1.0
2416,S15_Sess01_FB037,1.0
2417,S15_Sess01_FB038,1.0
2418,S15_Sess01_FB039,1.0
2419,S15_Sess01_FB040,1.0
2420,S15_Sess01_FB041,1.0
2421,S15_Sess01_FB042,1.0
2422,S15_Sess01_FB043,1.0
2423,S15_Sess01_FB044,1.0
2424,S15_Sess01_FB045,1.0
2425,S15_Sess01_FB046,1.0
2426,S15_Sess01_FB047,1.0
2427,S15_Sess01_FB048,1.0
2428,S15_Sess01_FB049,1.0
2429,S15_Sess01_FB050,1.0
2430,S15_Sess01_FB051,1.0
2431,S15_Sess01_FB052,1.0
2432,S15_Sess01_FB053,1.0
2433,S15_Sess01_FB054,1.0
2434,S15_Sess01_FB055,1.0
2435,S15_Sess01_FB056,1.0
2436,S15_Sess01_FB057,1.0
2437,S15_Sess01_FB058,1.0
2438,S15_Sess01_FB059,1.0
2439,S15_Sess01_FB060,1.0
2440,S15_Sess02_FB001,1.0
2441,S15_Sess02_FB002,1.0
2442,S15_Sess02_FB003,0.0
2443,S15_Sess02_FB004,1.0
2444,S15_Sess02_FB005,1.0
2445,S15_Sess02_FB006,1.0
2446,S15_Sess02_FB007,1.0
2447,S15_Sess02_FB008,1.0
2448,S15_Sess02_FB009,1.0
2449,S15_Sess02_FB010,1.0
2450,S15_Sess02_FB011,1.0
2451,S15_Sess02_FB012,1.0
2452,S15_Sess02_FB013,1.0
2453,S15_Sess02_FB014,1.0
2454,S15_Sess02_FB015,1.0
2455,S15_Sess02_FB016,1.0
2456,S15_Sess02_FB017,1.0
2457,S15_Sess02_FB018,1.0
2458,S15_Sess02_FB019,1.0
2459,S15_Sess02_FB020,1.0
2460,S15_Sess02_FB021,1.0
2461,S15_Sess02_FB022,0.0
2462,S15_Sess02_FB023,1.0
2463,S15_Sess02_FB024,1.0
2464,S15_Sess02_FB025,1.0
2465,S15_Sess02_FB026,1.0
2466,S15_Sess02_FB027,1.0
2467,S15_Sess02_FB028,1.0
2468,S15_Sess02_FB029,1.0
2469,S15_Sess02_FB030,1.0
2470,S15_Sess02_FB031,1.0
2471,S15_Sess02_FB032,1.0
2472,S15_Sess02_FB033,1.0
2473,S15_Sess02_FB034,1.0
2474,S15_Sess02_FB035,1.0
2475,S15_Sess02_FB036,1.0
2476,S15_Sess02_FB037,1.0
2477,S15_Sess02_FB038,1.0
2478,S15_Sess02_FB039,1.0
2479,S15_Sess02_FB040,1.0
2480,S15_Sess02_FB041,1.0
2481,S15_Sess02_FB042,1.0
2482,S15_Sess02_FB043,1.0
2483,S15_Sess02_FB044,1.0
2484,S15_Sess02_FB045,1.0
2485,S15_Sess02_FB046,1.0
2486,S15_Sess02_FB047,1.0
2487,S15_Sess02_FB048,1.0
2488,S15_Sess02_FB049,1.0
2489,S15_Sess02_FB050,1.0
2490,S15_Sess02_FB051,1.0
2491,S15_Sess02_FB052,1.0
2492,S15_Sess02_FB053,1.0
2493,S15_Sess02_FB054,1.0
2494,S15_Sess02_FB055,1.0
2495,S15_Sess02_FB056,1.0
2496,S15_Sess02_FB057,1.0
2497,S15_Sess02_FB058,1.0
2498,S15_Sess02_FB059,1.0
2499,S15_Sess02_FB060,1.0
2500,S15_Sess03_FB001,1.0
2501,S15_Sess03_FB002,1.0
2502,S15_Sess03_FB003,1.0
2503,S15_Sess03_FB004,1.0
2504,S15_Sess03_FB005,1.0
2505,S15_Sess03_FB006,1.0
2506,S15_Sess03_FB007,1.0
2507,S15_Sess03_FB008,1.0
2508,S15_Sess03_FB009,1.0
2509,S15_Sess03_FB010,1.0
2510,S15_Sess03_FB011,1.0
2511,S15_Sess03_FB012,1.0
2512,S15_Sess03_FB013,1.0
2513,S15_Sess03_FB014,1.0
2514,S15_Sess03_FB015,1.0
2515,S15_Sess03_FB016,1.0
2516,S15_Sess03_FB017,1.0
2517,S15_Sess03_FB018,1.0
2518,S15_Sess03_FB019,1.0
2519,S15_Sess03_FB020,1.0
2520,S15_Sess03_FB021,1.0
2521,S15_Sess03_FB022,1.0
2522,S15_Sess03_FB023,1.0
2523,S15_Sess03_FB024,1.0
2524,S15_Sess03_FB025,1.0
2525,S15_Sess03_FB026,1.0
2526,S15_Sess03_FB027,1.0
2527,S15_Sess03_FB028,1.0
2528,S15_Sess03_FB029,0.0
2529,S15_Sess03_FB030,1.0
2530,S15_Sess03_FB031,1.0
2531,S15_Sess03_FB032,1.0
2532,S15_Sess03_FB033,1.0
2533,S15_Sess03_FB034,1.0
2534,S15_Sess03_FB035,1.0
2535,S15_Sess03_FB036,1.0
2536,S15_Sess03_FB037,1.0
2537,S15_Sess03_FB038,1.0
2538,S15_Sess03_FB039,1.0
2539,S15_Sess03_FB040,1.0
2540,S15_Sess03_FB041,1.0
2541,S15_Sess03_FB042,1.0
2542,S15_Sess03_FB043,1.0
2543,S15_Sess03_FB044,1.0
2544,S15_Sess03_FB045,1.0
2545,S15_Sess03_FB046,1.0
2546,S15_Sess03_FB047,1.0
2547,S15_Sess03_FB048,1.0
2548,S15_Sess03_FB049,1.0
2549,S15_Sess03_FB050,1.0
2550,S15_Sess03_FB051,1.0
2551,S15_Sess03_FB052,1.0
2552,S15_Sess03_FB053,1.0
2553,S15_Sess03_FB054,1.0
2554,S15_Sess03_FB055,1.0
2555,S15_Sess03_FB056,1.0
2556,S15_Sess03_FB057,1.0
2557,S15_Sess03_FB058,1.0
2558,S15_Sess03_FB059,1.0
2559,S15_Sess03_FB060,1.0
2560,S15_Sess04_FB001,1.0
2561,S15_Sess04_FB002,1.0
2562,S15_Sess04_FB003,1.0
2563,S15_Sess04_FB004,0.0
2564,S15_Sess04_FB005,1.0
2565,S15_Sess04_FB006,1.0
2566,S15_Sess04_FB007,1.0
2567,S15_Sess04_FB008,1.0
2568,S15_Sess04_FB009,1.0
2569,S15_Sess04_FB010,1.0
2570,S15_Sess04_FB011,1.0
2571,S15_Sess04_FB012,1.0
2572,S15_Sess04_FB013,1.0
2573,S15_Sess04_FB014,1.0
2574,S15_Sess04_FB015,1.0
2575,S15_Sess04_FB016,1.0
2576,S15_Sess04_FB017,1.0
2577,S15_Sess04_FB018,1.0
2578,S15_Sess04_FB019,1.0
2579,S15_Sess04_FB020,1.0
2580,S15_Sess04_FB021,0.0
2581,S15_Sess04_FB022,0.0
2582,S15_Sess04_FB023,1.0
2583,S15_Sess04_FB024,1.0
2584,S15_Sess04_FB025,1.0
2585,S15_Sess04_FB026,1.0
2586,S15_Sess04_FB027,1.0
2587,S15_Sess04_FB028,1.0
2588,S15_Sess04_FB029,1.0
2589,S15_Sess04_FB030,1.0
2590,S15_Sess04_FB031,1.0
2591,S15_Sess04_FB032,1.0
2592,S15_Sess04_FB033,1.0
2593,S15_Sess04_FB034,1.0
2594,S15_Sess04_FB035,0.0
2595,S15_Sess04_FB036,1.0
2596,S15_Sess04_FB037,1.0
2597,S15_Sess04_FB038,1.0
2598,S15_Sess04_FB039,1.0
2599,S15_Sess04_FB040,1.0
2600,S15_Sess04_FB041,1.0
2601,S15_Sess04_FB042,1.0
2602,S15_Sess04_FB043,1.0
2603,S15_Sess04_FB044,1.0
2604,S15_Sess04_FB045,1.0
2605,S15_Sess04_FB046,1.0
2606,S15_Sess04_FB047,1.0
2607,S15_Sess04_FB048,1.0
2608,S15_Sess04_FB049,1.0
2609,S15_Sess04_FB050,1.0
2610,S15_Sess04_FB051,1.0
2611,S15_Sess04_FB052,1.0
2612,S15_Sess04_FB053,1.0
2613,S15_Sess04_FB054,1.0
2614,S15_Sess04_FB055,1.0
2615,S15_Sess04_FB056,0.0
2616,S15_Sess04_FB057,1.0
2617,S15_Sess04_FB058,1.0
2618,S15_Sess04_FB059,1.0
2619,S15_Sess04_FB060,1.0
2620,S15_Sess05_FB001,1.0
2621,S15_Sess05_FB002,0.0
2622,S15_Sess05_FB003,1.0
2623,S15_Sess05_FB004,1.0
2624,S15_Sess05_FB005,1.0
2625,S15_Sess05_FB006,1.0
2626,S15_Sess05_FB007,1.0
2627,S15_Sess05_FB008,1.0
2628,S15_Sess05_FB009,1.0
2629,S15_Sess05_FB010,1.0
2630,S15_Sess05_FB011,1.0
2631,S15_Sess05_FB012,1.0
2632,S15_Sess05_FB013,1.0
2633,S15_Sess05_FB014,1.0
2634,S15_Sess05_FB015,1.0
2635,S15_Sess05_FB016,0.0
2636,S15_Sess05_FB017,1.0
2637,S15_Sess05_FB018,1.0
2638,S15_Sess05_FB019,1.0
2639,S15_Sess05_FB020,1.0
2640,S15_Sess05_FB021,1.0
2641,S15_Sess05_FB022,1.0
2642,S15_Sess05_FB023,1.0
2643,S15_Sess05_FB024,1.0
2644,S15_Sess05_FB025,0.0
2645,S15_Sess05_FB026,1.0
2646,S15_Sess05_FB027,1.0
2647,S15_Sess05_FB028,0.0
2648,S15_Sess05_FB029,1.0
2649,S15_Sess05_FB030,1.0
2650,S15_Sess05_FB031,1.0
2651,S15_Sess05_FB032,1.0
2652,S15_Sess05_FB033,1.0
2653,S15_Sess05_FB034,1.0
2654,S15_Sess05_FB035,1.0
2655,S15_Sess05_FB036,1.0
2656,S15_Sess05_FB037,1.0
2657,S15_Sess05_FB038,0.0
2658,S15_Sess05_FB039,1.0
2659,S15_Sess05_FB040,0.0
2660,S15_Sess05_FB041,1.0
2661,S15_Sess05_FB042,1.0
2662,S15_Sess05_FB043,1.0
2663,S15_Sess05_FB044,1.0
2664,S15_Sess05_FB045,1.0
2665,S15_Sess05_FB046,1.0
2666,S15_Sess05_FB047,1.0
2667,S15_Sess05_FB048,1.0
2668,S15_Sess05_FB049,1.0
2669,S15_Sess05_FB050,1.0
2670,S15_Sess05_FB051,1.0
2671,S15_Sess05_FB052,1.0
2672,S15_Sess05_FB053,1.0
2673,S15_Sess05_FB054,1.0
2674,S15_Sess05_FB055,1.0
2675,S15_Sess05_FB056,1.0
2676,S15_Sess05_FB057,1.0
2677,S15_Sess05_FB058,1.0
2678,S15_Sess05_FB059,1.0
2679,S15_Sess05_FB060,1.0
2680,S15_Sess05_FB061,1.0
2681,S15_Sess05_FB062,1.0
2682,S15_Sess05_FB063,1.0
2683,S15_Sess05_FB064,1.0
2684,S15_Sess05_FB065,1.0
2685,S15_Sess05_FB066,1.0
2686,S15_Sess05_FB067,0.0
2687,S15_Sess05_FB068,1.0
2688,S15_Sess05_FB069,1.0
2689,S15_Sess05_FB070,0.0
2690,S15_Sess05_FB071,1.0
2691,S15_Sess05_FB072,1.0
2692,S15_Sess05_FB073,1.0
2693,S15_Sess05_FB074,1.0
2694,S15_Sess05_FB075,0.0
2695,S15_Sess05_FB076,0.0
2696,S15_Sess05_FB077,1.0
2697,S15_Sess05_FB078,1.0
2698,S15_Sess05_FB079,1.0
2699,S15_Sess05_FB080,1.0
2700,S15_Sess05_FB081,1.0
2701,S15_Sess05_FB082,1.0
2702,S15_Sess05_FB083,0.0
2703,S15_Sess05_FB084,1.0
2704,S15_Sess05_FB085,1.0
2705,S15_Sess05_FB086,1.0
2706,S15_Sess05_FB087,0.0
2707,S15_Sess05_FB088,1.0
2708,S15_Sess05_FB089,1.0
2709,S15_Sess05_FB090,1.0
2710,S15_Sess05_FB091,1.0
2711,S15_Sess05_FB092,1.0
2712,S15_Sess05_FB093,1.0
2713,S15_Sess05_FB094,1.0
2714,S15_Sess05_FB095,1.0
2715,S15_Sess05_FB096,1.0
2716,S15_Sess05_FB097,1.0
2717,S15_Sess05_FB098,0.0
2718,S15_Sess05_FB099,1.0
2719,S15_Sess05_FB100,1.0
2720,S19_Sess01_FB001,1.0
2721,S19_Sess01_FB002,1.0
2722,S19_Sess01_FB003,1.0
2723,S19_Sess01_FB004,1.0
2724,S19_Sess01_FB005,1.0
2725,S19_Sess01_FB006,1.0
2726,S19_Sess01_FB007,1.0
2727,S19_Sess01_FB008,1.0
2728,S19_Sess01_FB009,1.0
2729,S19_Sess01_FB010,1.0
2730,S19_Sess01_FB011,0.0
2731,S19_Sess01_FB012,1.0
2732,S19_Sess01_FB013,0.0
2733,S19_Sess01_FB014,1.0
2734,S19_Sess01_FB015,1.0
2735,S19_Sess01_FB016,1.0
2736,S19_Sess01_FB017,1.0
2737,S19_Sess01_FB018,1.0
2738,S19_Sess01_FB019,1.0
2739,S19_Sess01_FB020,1.0
2740,S19_Sess01_FB021,1.0
2741,S19_Sess01_FB022,1.0
2742,S19_Sess01_FB023,1.0
2743,S19_Sess01_FB024,1.0
2744,S19_Sess01_FB025,1.0
2745,S19_Sess01_FB026,1.0
2746,S19_Sess01_FB027,1.0
2747,S19_Sess01_FB028,1.0
2748,S19_Sess01_FB029,1.0
2749,S19_Sess01_FB030,1.0
2750,S19_Sess01_FB031,1.0
2751,S19_Sess01_FB032,1.0
2752,S19_Sess01_FB033,1.0
2753,S19_Sess01_FB034,1.0
2754,S19_Sess01_FB035,1.0
2755,S19_Sess01_FB036,1.0
2756,S19_Sess01_FB037,1.0
2757,S19_Sess01_FB038,1.0
2758,S19_Sess01_FB039,1.0
2759,S19_Sess01_FB040,1.0
2760,S19_Sess01_FB041,1.0
2761,S19_Sess01_FB042,1.0
2762,S19_Sess01_FB043,1.0
2763,S19_Sess01_FB044,1.0
2764,S19_Sess01_FB045,1.0
2765,S19_Sess01_FB046,1.0
2766,S19_Sess01_FB047,1.0
2767,S19_Sess01_FB048,0.0
2768,S19_Sess01_FB049,1.0
2769,S19_Sess01_FB050,1.0
2770,S19_Sess01_FB051,1.0
2771,S19_Sess01_FB052,1.0
2772,S19_Sess01_FB053,1.0
2773,S19_Sess01_FB054,1.0
2774,S19_Sess01_FB055,1.0
2775,S19_Sess01_FB056,1.0
2776,S19_Sess01_FB057,1.0
2777,S19_Sess01_FB058,1.0
2778,S19_Sess01_FB059,1.0
2779,S19_Sess01_FB060,0.0
2780,S19_Sess02_FB001,1.0
2781,S19_Sess02_FB002,1.0
2782,S19_Sess02_FB003,1.0
2783,S19_Sess02_FB004,1.0
2784,S19_Sess02_FB005,1.0
2785,S19_Sess02_FB006,1.0
2786,S19_Sess02_FB007,1.0
2787,S19_Sess02_FB008,1.0
2788,S19_Sess02_FB009,1.0
2789,S19_Sess02_FB010,1.0
2790,S19_Sess02_FB011,1.0
2791,S19_Sess02_FB012,1.0
2792,S19_Sess02_FB013,1.0
2793,S19_Sess02_FB014,1.0
2794,S19_Sess02_FB015,1.0
2795,S19_Sess02_FB016,1.0
2796,S19_Sess02_FB017,1.0
2797,S19_Sess02_FB018,1.0
2798,S19_Sess02_FB019,1.0
2799,S19_Sess02_FB020,1.0
2800,S19_Sess02_FB021,1.0
2801,S19_Sess02_FB022,1.0
2802,S19_Sess02_FB023,1.0
2803,S19_Sess02_FB024,1.0
2804,S19_Sess02_FB025,1.0
2805,S19_Sess02_FB026,1.0
2806,S19_Sess02_FB027,1.0
2807,S19_Sess02_FB028,1.0
2808,S19_Sess02_FB029,1.0
2809,S19_Sess02_FB030,1.0
2810,S19_Sess02_FB031,1.0
2811,S19_Sess02_FB032,1.0
2812,S19_Sess02_FB033,1.0
2813,S19_Sess02_FB034,1.0
2814,S19_Sess02_FB035,1.0
2815,S19_Sess02_FB036,1.0
2816,S19_Sess02_FB037,1.0
2817,S19_Sess02_FB038,1.0
2818,S19_Sess02_FB039,1.0
2819,S19_Sess02_FB040,1.0
2820,S19_Sess02_FB041,1.0
2821,S19_Sess02_FB042,1.0
2822,S19_Sess02_FB043,1.0
2823,S19_Sess02_FB044,1.0
2824,S19_Sess02_FB045,0.0
2825,S19_Sess02_FB046,1.0
2826,S19_Sess02_FB047,1.0
2827,S19_Sess02_FB048,1.0
2828,S19_Sess02_FB049,1.0
2829,S19_Sess02_FB050,1.0
2830,S19_Sess02_FB051,1.0
2831,S19_Sess02_FB052,1.0
2832,S19_Sess02_FB053,0.0
2833,S19_Sess02_FB054,1.0
2834,S19_Sess02_FB055,1.0
2835,S19_Sess02_FB056,1.0
2836,S19_Sess02_FB057,1.0
2837,S19_Sess02_FB058,1.0
2838,S19_Sess02_FB059,1.0
2839,S19_Sess02_FB060,1.0
2840,S19_Sess03_FB001,1.0
2841,S19_Sess03_FB002,0.0
2842,S19_Sess03_FB003,1.0
2843,S19_Sess03_FB004,1.0
2844,S19_Sess03_FB005,0.0
2845,S19_Sess03_FB006,1.0
2846,S19_Sess03_FB007,1.0
2847,S19_Sess03_FB008,1.0
2848,S19_Sess03_FB009,1.0
2849,S19_Sess03_FB010,1.0
2850,S19_Sess03_FB011,1.0
2851,S19_Sess03_FB012,1.0
2852,S19_Sess03_FB013,1.0
2853,S19_Sess03_FB014,1.0
2854,S19_Sess03_FB015,1.0
2855,S19_Sess03_FB016,1.0
2856,S19_Sess03_FB017,1.0
2857,S19_Sess03_FB018,1.0
2858,S19_Sess03_FB019,1.0
2859,S19_Sess03_FB020,1.0
2860,S19_Sess03_FB021,1.0
2861,S19_Sess03_FB022,1.0
2862,S19_Sess03_FB023,1.0
2863,S19_Sess03_FB024,1.0
2864,S19_Sess03_FB025,1.0
2865,S19_Sess03_FB026,1.0
2866,S19_Sess03_FB027,1.0
2867,S19_Sess03_FB028,1.0
2868,S19_Sess03_FB029,1.0
2869,S19_Sess03_FB030,1.0
2870,S19_Sess03_FB031,1.0
2871,S19_Sess03_FB032,1.0
2872,S19_Sess03_FB033,1.0
2873,S19_Sess03_FB034,1.0
2874,S19_Sess03_FB035,1.0
2875,S19_Sess03_FB036,1.0
2876,S19_Sess03_FB037,0.0
2877,S19_Sess03_FB038,0.0
2878,S19_Sess03_FB039,1.0
2879,S19_Sess03_FB040,1.0
2880,S19_Sess03_FB041,1.0
2881,S19_Sess03_FB042,1.0
2882,S19_Sess03_FB043,1.0
2883,S19_Sess03_FB044,1.0
2884,S19_Sess03_FB045,1.0
2885,S19_Sess03_FB046,1.0
2886,S19_Sess03_FB047,1.0
2887,S19_Sess03_FB048,1.0
2888,S19_Sess03_FB049,1.0
2889,S19_Sess03_FB050,1.0
2890,S19_Sess03_FB051,1.0
2891,S19_Sess03_FB052,1.0
2892,S19_Sess03_FB053,0.0
2893,S19_Sess03_FB054,1.0
2894,S19_Sess03_FB055,1.0
2895,S19_Sess03_FB056,1.0
2896,S19_Sess03_FB057,1.0
2897,S19_Sess03_FB058,1.0
2898,S19_Sess03_FB059,1.0
2899,S19_Sess03_FB060,1.0
2900,S19_Sess04_FB001,1.0
2901,S19_Sess04_FB002,1.0
2902,S19_Sess04_FB003,1.0
2903,S19_Sess04_FB004,1.0
2904,S19_Sess04_FB005,1.0
2905,S19_Sess04_FB006,1.0
2906,S19_Sess04_FB007,1.0
2907,S19_Sess04_FB008,1.0
2908,S19_Sess04_FB009,1.0
2909,S19_Sess04_FB010,0.0
2910,S19_Sess04_FB011,1.0
2911,S19_Sess04_FB012,1.0
2912,S19_Sess04_FB013,1.0
2913,S19_Sess04_FB014,1.0
2914,S19_Sess04_FB015,1.0
2915,S19_Sess04_FB016,1.0
2916,S19_Sess04_FB017,1.0
2917,S19_Sess04_FB018,0.0
2918,S19_Sess04_FB019,1.0
2919,S19_Sess04_FB020,1.0
2920,S19_Sess04_FB021,1.0
2921,S19_Sess04_FB022,1.0
2922,S19_Sess04_FB023,1.0
2923,S19_Sess04_FB024,1.0
2924,S19_Sess04_FB025,1.0
2925,S19_Sess04_FB026,1.0
2926,S19_Sess04_FB027,1.0
2927,S19_Sess04_FB028,1.0
2928,S19_Sess04_FB029,1.0
2929,S19_Sess04_FB030,1.0
2930,S19_Sess04_FB031,0.0
2931,S19_Sess04_FB032,1.0
2932,S19_Sess04_FB033,1.0
2933,S19_Sess04_FB034,0.0
2934,S19_Sess04_FB035,1.0
2935,S19_Sess04_FB036,1.0
2936,S19_Sess04_FB037,1.0
2937,S19_Sess04_FB038,0.0
2938,S19_Sess04_FB039,0.0
2939,S19_Sess04_FB040,0.0
2940,S19_Sess04_FB041,1.0
2941,S19_Sess04_FB042,1.0
2942,S19_Sess04_FB043,1.0
2943,S19_Sess04_FB044,1.0
2944,S19_Sess04_FB045,1.0
2945,S19_Sess04_FB046,1.0
2946,S19_Sess04_FB047,1.0
2947,S19_Sess04_FB048,1.0
2948,S19_Sess04_FB049,1.0
2949,S19_Sess04_FB050,1.0
2950,S19_Sess04_FB051,1.0
2951,S19_Sess04_FB052,1.0
2952,S19_Sess04_FB053,1.0
2953,S19_Sess04_FB054,1.0
2954,S19_Sess04_FB055,1.0
2955,S19_Sess04_FB056,1.0
2956,S19_Sess04_FB057,0.0
2957,S19_Sess04_FB058,0.0
2958,S19_Sess04_FB059,1.0
2959,S19_Sess04_FB060,1.0
2960,S19_Sess05_FB001,1.0
2961,S19_Sess05_FB002,0.0
2962,S19_Sess05_FB003,0.0
2963,S19_Sess05_FB004,1.0
2964,S19_Sess05_FB005,1.0
2965,S19_Sess05_FB006,1.0
2966,S19_Sess05_FB007,1.0
2967,S19_Sess05_FB008,0.0
2968,S19_Sess05_FB009,1.0
2969,S19_Sess05_FB010,1.0
2970,S19_Sess05_FB011,0.0
2971,S19_Sess05_FB012,1.0
2972,S19_Sess05_FB013,1.0
2973,S19_Sess05_FB014,1.0
2974,S19_Sess05_FB015,1.0
2975,S19_Sess05_FB016,1.0
2976,S19_Sess05_FB017,1.0
2977,S19_Sess05_FB018,1.0
2978,S19_Sess05_FB019,1.0
2979,S19_Sess05_FB020,1.0
2980,S19_Sess05_FB021,1.0
2981,S19_Sess05_FB022,1.0
2982,S19_Sess05_FB023,1.0
2983,S19_Sess05_FB024,1.0
2984,S19_Sess05_FB025,1.0
2985,S19_Sess05_FB026,0.0
2986,S19_Sess05_FB027,1.0
2987,S19_Sess05_FB028,1.0
2988,S19_Sess05_FB029,0.0
2989,S19_Sess05_FB030,1.0
2990,S19_Sess05_FB031,1.0
2991,S19_Sess05_FB032,1.0
2992,S19_Sess05_FB033,1.0
2993,S19_Sess05_FB034,1.0
2994,S19_Sess05_FB035,1.0
2995,S19_Sess05_FB036,1.0
2996,S19_Sess05_FB037,1.0
2997,S19_Sess05_FB038,1.0
2998,S19_Sess05_FB039,1.0
2999,S19_Sess05_FB040,1.0
3000,S19_Sess05_FB041,1.0
3001,S19_Sess05_FB042,1.0
3002,S19_Sess05_FB043,1.0
3003,S19_Sess05_FB044,0.0
3004,S19_Sess05_FB045,1.0
3005,S19_Sess05_FB046,1.0
3006,S19_Sess05_FB047,1.0
3007,S19_Sess05_FB048,1.0
3008,S19_Sess05_FB049,1.0
3009,S19_Sess05_FB050,0.0
3010,S19_Sess05_FB051,1.0
3011,S19_Sess05_FB052,0.0
3012,S19_Sess05_FB053,1.0
3013,S19_Sess05_FB054,1.0
3014,S19_Sess05_FB055,1.0
3015,S19_Sess05_FB056,1.0
3016,S19_Sess05_FB057,1.0
3017,S19_Sess05_FB058,0.0
3018,S19_Sess05_FB059,1.0
3019,S19_Sess05_FB060,1.0
3020,S19_Sess05_FB061,0.0
3021,S19_Sess05_FB062,0.0
3022,S19_Sess05_FB063,1.0
3023,S19_Sess05_FB064,1.0
3024,S19_Sess05_FB065,1.0
3025,S19_Sess05_FB066,1.0
3026,S19_Sess05_FB067,1.0
3027,S19_Sess05_FB068,1.0
3028,S19_Sess05_FB069,1.0
3029,S19_Sess05_FB070,1.0
3030,S19_Sess05_FB071,0.0
3031,S19_Sess05_FB072,1.0
3032,S19_Sess05_FB073,1.0
3033,S19_Sess05_FB074,1.0
3034,S19_Sess05_FB075,1.0
3035,S19_Sess05_FB076,1.0
3036,S19_Sess05_FB077,1.0
3037,S19_Sess05_FB078,1.0
3038,S19_Sess05_FB079,1.0
3039,S19_Sess05_FB080,1.0
3040,S19_Sess05_FB081,1.0
3041,S19_Sess05_FB082,1.0
3042,S19_Sess05_FB083,1.0
3043,S19_Sess05_FB084,1.0
3044,S19_Sess05_FB085,1.0
3045,S19_Sess05_FB086,1.0
3046,S19_Sess05_FB087,1.0
3047,S19_Sess05_FB088,0.0
3048,S19_Sess05_FB089,1.0
3049,S19_Sess05_FB090,0.0
3050,S19_Sess05_FB091,1.0
3051,S19_Sess05_FB092,0.0
3052,S19_Sess05_FB093,0.0
3053,S19_Sess05_FB094,0.0
3054,S19_Sess05_FB095,1.0
3055,S19_Sess05_FB096,1.0
3056,S19_Sess05_FB097,1.0
3057,S19_Sess05_FB098,1.0
3058,S19_Sess05_FB099,1.0
3059,S19_Sess05_FB100,0.0
3060,S25_Sess01_FB001,1.0
3061,S25_Sess01_FB002,1.0
3062,S25_Sess01_FB003,1.0
3063,S25_Sess01_FB004,1.0
3064,S25_Sess01_FB005,0.0
3065,S25_Sess01_FB006,1.0
3066,S25_Sess01_FB007,1.0
3067,S25_Sess01_FB008,1.0
3068,S25_Sess01_FB009,1.0
3069,S25_Sess01_FB010,1.0
3070,S25_Sess01_FB011,1.0
3071,S25_Sess01_FB012,1.0
3072,S25_Sess01_FB013,1.0
3073,S25_Sess01_FB014,1.0
3074,S25_Sess01_FB015,1.0
3075,S25_Sess01_FB016,1.0
3076,S25_Sess01_FB017,1.0
3077,S25_Sess01_FB018,1.0
3078,S25_Sess01_FB019,1.0
3079,S25_Sess01_FB020,1.0
3080,S25_Sess01_FB021,1.0
3081,S25_Sess01_FB022,1.0
3082,S25_Sess01_FB023,1.0
3083,S25_Sess01_FB024,1.0
3084,S25_Sess01_FB025,1.0
3085,S25_Sess01_FB026,1.0
3086,S25_Sess01_FB027,1.0
3087,S25_Sess01_FB028,1.0
3088,S25_Sess01_FB029,1.0
3089,S25_Sess01_FB030,1.0
3090,S25_Sess01_FB031,1.0
3091,S25_Sess01_FB032,1.0
3092,S25_Sess01_FB033,1.0
3093,S25_Sess01_FB034,1.0
3094,S25_Sess01_FB035,1.0
3095,S25_Sess01_FB036,1.0
3096,S25_Sess01_FB037,1.0
3097,S25_Sess01_FB038,1.0
3098,S25_Sess01_FB039,1.0
3099,S25_Sess01_FB040,1.0
3100,S25_Sess01_FB041,1.0
3101,S25_Sess01_FB042,1.0
3102,S25_Sess01_FB043,1.0
3103,S25_Sess01_FB044,1.0
3104,S25_Sess01_FB045,1.0
3105,S25_Sess01_FB046,1.0
3106,S25_Sess01_FB047,1.0
3107,S25_Sess01_FB048,1.0
3108,S25_Sess01_FB049,1.0
3109,S25_Sess01_FB050,1.0
3110,S25_Sess01_FB051,1.0
3111,S25_Sess01_FB052,1.0
3112,S25_Sess01_FB053,1.0
3113,S25_Sess01_FB054,1.0
3114,S25_Sess01_FB055,1.0
3115,S25_Sess01_FB056,1.0
3116,S25_Sess01_FB057,1.0
3117,S25_Sess01_FB058,1.0
3118,S25_Sess01_FB059,1.0
3119,S25_Sess01_FB060,1.0
3120,S25_Sess02_FB001,1.0
3121,S25_Sess02_FB002,1.0
3122,S25_Sess02_FB003,0.0
3123,S25_Sess02_FB004,1.0
3124,S25_Sess02_FB005,1.0
3125,S25_Sess02_FB006,1.0
3126,S25_Sess02_FB007,1.0
3127,S25_Sess02_FB008,1.0
3128,S25_Sess02_FB009,1.0
3129,S25_Sess02_FB010,1.0
3130,S25_Sess02_FB011,0.0
3131,S25_Sess02_FB012,1.0
3132,S25_Sess02_FB013,1.0
3133,S25_Sess02_FB014,1.0
3134,S25_Sess02_FB015,1.0
3135,S25_Sess02_FB016,1.0
3136,S25_Sess02_FB017,0.0
3137,S25_Sess02_FB018,1.0
3138,S25_Sess02_FB019,1.0
3139,S25_Sess02_FB020,1.0
3140,S25_Sess02_FB021,1.0
3141,S25_Sess02_FB022,1.0
3142,S25_Sess02_FB023,1.0
3143,S25_Sess02_FB024,1.0
3144,S25_Sess02_FB025,1.0
3145,S25_Sess02_FB026,1.0
3146,S25_Sess02_FB027,1.0
3147,S25_Sess02_FB028,1.0
3148,S25_Sess02_FB029,1.0
3149,S25_Sess02_FB030,1.0
3150,S25_Sess02_FB031,1.0
3151,S25_Sess02_FB032,1.0
3152,S25_Sess02_FB033,1.0
3153,S25_Sess02_FB034,1.0
3154,S25_Sess02_FB035,1.0
3155,S25_Sess02_FB036,1.0
3156,S25_Sess02_FB037,1.0
3157,S25_Sess02_FB038,1.0
3158,S25_Sess02_FB039,1.0
3159,S25_Sess02_FB040,1.0
3160,S25_Sess02_FB041,1.0
3161,S25_Sess02_FB042,1.0
3162,S25_Sess02_FB043,1.0
3163,S25_Sess02_FB044,1.0
3164,S25_Sess02_FB045,1.0
3165,S25_Sess02_FB046,1.0
3166,S25_Sess02_FB047,1.0
3167,S25_Sess02_FB048,1.0
3168,S25_Sess02_FB049,1.0
3169,S25_Sess02_FB050,1.0
3170,S25_Sess02_FB051,1.0
3171,S25_Sess02_FB052,1.0
3172,S25_Sess02_FB053,1.0
3173,S25_Sess02_FB054,1.0
3174,S25_Sess02_FB055,1.0
3175,S25_Sess02_FB056,1.0
3176,S25_Sess02_FB057,1.0
3177,S25_Sess02_FB058,1.0
3178,S25_Sess02_FB059,1.0
3179,S25_Sess02_FB060,1.0
3180,S25_Sess03_FB001,1.0
3181,S25_Sess03_FB002,1.0
3182,S25_Sess03_FB003,0.0
3183,S25_Sess03_FB004,1.0
3184,S25_Sess03_FB005,1.0
3185,S25_Sess03_FB006,1.0
3186,S25_Sess03_FB007,1.0
3187,S25_Sess03_FB008,1.0
3188,S25_Sess03_FB009,1.0
3189,S25_Sess03_FB010,1.0
3190,S25_Sess03_FB011,1.0
3191,S25_Sess03_FB012,0.0
3192,S25_Sess03_FB013,1.0
3193,S25_Sess03_FB014,1.0
3194,S25_Sess03_FB015,1.0
3195,S25_Sess03_FB016,1.0
3196,S25_Sess03_FB017,1.0
3197,S25_Sess03_FB018,1.0
3198,S25_Sess03_FB019,1.0
3199,S25_Sess03_FB020,1.0
3200,S25_Sess03_FB021,0.0
3201,S25_Sess03_FB022,1.0
3202,S25_Sess03_FB023,1.0
3203,S25_Sess03_FB024,1.0
3204,S25_Sess03_FB025,1.0
3205,S25_Sess03_FB026,1.0
3206,S25_Sess03_FB027,1.0
3207,S25_Sess03_FB028,1.0
3208,S25_Sess03_FB029,1.0
3209,S25_Sess03_FB030,1.0
3210,S25_Sess03_FB031,1.0
3211,S25_Sess03_FB032,1.0
3212,S25_Sess03_FB033,1.0
3213,S25_Sess03_FB034,1.0
3214,S25_Sess03_FB035,1.0
3215,S25_Sess03_FB036,1.0
3216,S25_Sess03_FB037,1.0
3217,S25_Sess03_FB038,1.0
3218,S25_Sess03_FB039,1.0
3219,S25_Sess03_FB040,1.0
3220,S25_Sess03_FB041,1.0
3221,S25_Sess03_FB042,1.0
3222,S25_Sess03_FB043,1.0
3223,S25_Sess03_FB044,1.0
3224,S25_Sess03_FB045,1.0
3225,S25_Sess03_FB046,1.0
3226,S25_Sess03_FB047,1.0
3227,S25_Sess03_FB048,0.0
3228,S25_Sess03_FB049,1.0
3229,S25_Sess03_FB050,1.0
3230,S25_Sess03_FB051,1.0
3231,S25_Sess03_FB052,0.0
3232,S25_Sess03_FB053,0.0
3233,S25_Sess03_FB054,1.0
3234,S25_Sess03_FB055,1.0
3235,S25_Sess03_FB056,1.0
3236,S25_Sess03_FB057,1.0
3237,S25_Sess03_FB058,1.0
3238,S25_Sess03_FB059,1.0
3239,S25_Sess03_FB060,1.0
3240,S25_Sess04_FB001,1.0
3241,S25_Sess04_FB002,1.0
3242,S25_Sess04_FB003,1.0
3243,S25_Sess04_FB004,1.0
3244,S25_Sess04_FB005,1.0
3245,S25_Sess04_FB006,1.0
3246,S25_Sess04_FB007,1.0
3247,S25_Sess04_FB008,1.0
3248,S25_Sess04_FB009,1.0
3249,S25_Sess04_FB010,1.0
3250,S25_Sess04_FB011,1.0
3251,S25_Sess04_FB012,1.0
3252,S25_Sess04_FB013,1.0
3253,S25_Sess04_FB014,1.0
3254,S25_Sess04_FB015,1.0
3255,S25_Sess04_FB016,1.0
3256,S25_Sess04_FB017,1.0
3257,S25_Sess04_FB018,1.0
3258,S25_Sess04_FB019,1.0
3259,S25_Sess04_FB020,1.0
3260,S25_Sess04_FB021,1.0
3261,S25_Sess04_FB022,1.0
3262,S25_Sess04_FB023,1.0
3263,S25_Sess04_FB024,1.0
3264,S25_Sess04_FB025,1.0
3265,S25_Sess04_FB026,1.0
3266,S25_Sess04_FB027,1.0
3267,S25_Sess04_FB028,1.0
3268,S25_Sess04_FB029,1.0
3269,S25_Sess04_FB030,1.0
3270,S25_Sess04_FB031,1.0
3271,S25_Sess04_FB032,1.0
3272,S25_Sess04_FB033,1.0
3273,S25_Sess04_FB034,1.0
3274,S25_Sess04_FB035,1.0
3275,S25_Sess04_FB036,1.0
3276,S25_Sess04_FB037,1.0
3277,S25_Sess04_FB038,1.0
3278,S25_Sess04_FB039,1.0
3279,S25_Sess04_FB040,1.0
3280,S25_Sess04_FB041,1.0
3281,S25_Sess04_FB042,1.0
3282,S25_Sess04_FB043,1.0
3283,S25_Sess04_FB044,1.0
3284,S25_Sess04_FB045,1.0
3285,S25_Sess04_FB046,1.0
3286,S25_Sess04_FB047,1.0
3287,S25_Sess04_FB048,0.0
3288,S25_Sess04_FB049,1.0
3289,S25_Sess04_FB050,1.0
3290,S25_Sess04_FB051,1.0
3291,S25_Sess04_FB052,1.0
3292,S25_Sess04_FB053,1.0
3293,S25_Sess04_FB054,1.0
3294,S25_Sess04_FB055,1.0
3295,S25_Sess04_FB056,1.0
3296,S25_Sess04_FB057,1.0
3297,S25_Sess04_FB058,1.0
3298,S25_Sess04_FB059,1.0
3299,S25_Sess04_FB060,0.0
3300,S25_Sess05_FB001,1.0
3301,S25_Sess05_FB002,1.0
3302,S25_Sess05_FB003,1.0
3303,S25_Sess05_FB004,1.0
3304,S25_Sess05_FB005,0.0
3305,S25_Sess05_FB006,1.0
3306,S25_Sess05_FB007,1.0
3307,S25_Sess05_FB008,1.0
3308,S25_Sess05_FB009,1.0
3309,S25_Sess05_FB010,1.0
3310,S25_Sess05_FB011,0.0
3311,S25_Sess05_FB012,1.0
3312,S25_Sess05_FB013,1.0
3313,S25_Sess05_FB014,1.0
3314,S25_Sess05_FB015,0.0
3315,S25_Sess05_FB016,1.0
3316,S25_Sess05_FB017,1.0
3317,S25_Sess05_FB018,1.0
3318,S25_Sess05_FB019,1.0
3319,S25_Sess05_FB020,1.0
3320,S25_Sess05_FB021,1.0
3321,S25_Sess05_FB022,1.0
3322,S25_Sess05_FB023,1.0
3323,S25_Sess05_FB024,1.0
3324,S25_Sess05_FB025,0.0
3325,S25_Sess05_FB026,1.0
3326,S25_Sess05_FB027,1.0
3327,S25_Sess05_FB028,1.0
3328,S25_Sess05_FB029,1.0
3329,S25_Sess05_FB030,1.0
3330,S25_Sess05_FB031,0.0
3331,S25_Sess05_FB032,0.0
3332,S25_Sess05_FB033,1.0
3333,S25_Sess05_FB034,1.0
3334,S25_Sess05_FB035,1.0
3335,S25_Sess05_FB036,0.0
3336,S25_Sess05_FB037,1.0
3337,S25_Sess05_FB038,0.0
3338,S25_Sess05_FB039,0.0
3339,S25_Sess05_FB040,1.0
3340,S25_Sess05_FB041,0.0
3341,S25_Sess05_FB042,1.0
3342,S25_Sess05_FB043,1.0
3343,S25_Sess05_FB044,1.0
3344,S25_Sess05_FB045,1.0
3345,S25_Sess05_FB046,1.0
3346,S25_Sess05_FB047,1.0
3347,S25_Sess05_FB048,1.0
3348,S25_Sess05_FB049,1.0
3349,S25_Sess05_FB050,1.0
3350,S25_Sess05_FB051,1.0
3351,S25_Sess05_FB052,1.0
3352,S25_Sess05_FB053,1.0
3353,S25_Sess05_FB054,1.0
3354,S25_Sess05_FB055,0.0
3355,S25_Sess05_FB056,1.0
3356,S25_Sess05_FB057,1.0
3357,S25_Sess05_FB058,1.0
3358,S25_Sess05_FB059,1.0
3359,S25_Sess05_FB060,0.0
3360,S25_Sess05_FB061,0.0
3361,S25_Sess05_FB062,1.0
3362,S25_Sess05_FB063,1.0
3363,S25_Sess05_FB064,0.0
3364,S25_Sess05_FB065,1.0
3365,S25_Sess05_FB066,0.0
3366,S25_Sess05_FB067,1.0
3367,S25_Sess05_FB068,1.0
3368,S25_Sess05_FB069,1.0
3369,S25_Sess05_FB070,1.0
3370,S25_Sess05_FB071,1.0
3371,S25_Sess05_FB072,1.0
3372,S25_Sess05_FB073,1.0
3373,S25_Sess05_FB074,1.0
3374,S25_Sess05_FB075,1.0
3375,S25_Sess05_FB076,1.0
3376,S25_Sess05_FB077,1.0
3377,S25_Sess05_FB078,1.0
3378,S25_Sess05_FB079,1.0
3379,S25_Sess05_FB080,1.0
3380,S25_Sess05_FB081,1.0
3381,S25_Sess05_FB082,1.0
3382,S25_Sess05_FB083,1.0
3383,S25_Sess05_FB084,1.0
3384,S25_Sess05_FB085,1.0
3385,S25_Sess05_FB086,1.0
3386,S25_Sess05_FB087,1.0
3387,S25_Sess05_FB088,1.0
3388,S25_Sess05_FB089,1.0
3389,S25_Sess05_FB090,1.0
3390,S25_Sess05_FB091,1.0
3391,S25_Sess05_FB092,1.0
3392,S25_Sess05_FB093,0.0
3393,S25_Sess05_FB094,1.0
3394,S25_Sess05_FB095,1.0
3395,S25_Sess05_FB096,1.0
3396,S25_Sess05_FB097,1.0
3397,S25_Sess05_FB098,1.0
3398,S25_Sess05_FB099,1.0
3399,S25_Sess05_FB100,0.0
