IdFeedBack,Prediction
S01_Sess01_FB001,0.29379123
S01_Sess01_FB002,0.44404447
S01_Sess01_FB003,0.31957674
S01_Sess01_FB004,0.38253826
S01_Sess01_FB005,0.48816776
S01_Sess01_FB006,0.33941185
S01_Sess01_FB007,0.6601095
S01_Sess01_FB008,0.39550722
S01_Sess01_FB009,0.35628867
S01_Sess01_FB010,0.53588355
S01_Sess01_FB011,0.48186147
S01_Sess01_FB012,0.4630379
S01_Sess01_FB013,0.18390292
S01_Sess01_FB014,0.1636672
S01_Sess01_FB015,0.39926374
S01_Sess01_FB016,0.5828506
S01_Sess01_FB017,0.47286415
S01_Sess01_FB018,0.3520258
S01_Sess01_FB019,0.34500402
S01_Sess01_FB020,0.2939328
S01_Sess01_FB021,0.36794466
S01_Sess01_FB022,0.46165138
S01_Sess01_FB023,0.37098652
S01_Sess01_FB024,0.2450177
S01_Sess01_FB025,0.32262456
S01_Sess01_FB026,0.38812172
S01_Sess01_FB027,0.39787298
S01_Sess01_FB028,0.48340958
S01_Sess01_FB029,0.31330508
S01_Sess01_FB030,0.4081506
S01_Sess01_FB031,0.22810644
S01_Sess01_FB032,0.36672992
S01_Sess01_FB033,0.30304623
S01_Sess01_FB034,0.17975307
S01_Sess01_FB035,0.3886603
S01_Sess01_FB036,0.29792136
S01_Sess01_FB037,0.40025842
S01_Sess01_FB038,0.40565974
S01_Sess01_FB039,0.24455988
S01_Sess01_FB040,0.60365343
S01_Sess01_FB041,0.25779068
S01_Sess01_FB042,0.52837217
S01_Sess01_FB043,0.38653415
S01_Sess01_FB044,0.40411586
S01_Sess01_FB045,0.42033452
S01_Sess01_FB046,0.30712318
S01_Sess01_FB047,0.39017528
S01_Sess01_FB048,0.4548065
S01_Sess01_FB049,0.4281019
S01_Sess01_FB050,0.45508987
S01_Sess01_FB051,0.29426235
S01_Sess01_FB052,0.39621544
S01_Sess01_FB053,0.67545855
S01_Sess01_FB054,0.1384778
S01_Sess01_FB055,0.29048288
S01_Sess01_FB056,0.22824138
S01_Sess01_FB057,0.20954317
S01_Sess01_FB058,0.31135386
S01_Sess01_FB059,0.38439286
S01_Sess01_FB060,0.4142509
S01_Sess02_FB001,0.47380972
S01_Sess02_FB002,0.40842122
S01_Sess02_FB003,0.37312627
S01_Sess02_FB004,0.25192553
S01_Sess02_FB005,0.30456167
S01_Sess02_FB006,0.44676346
S01_Sess02_FB007,0.21407163
S01_Sess02_FB008,0.20821458
S01_Sess02_FB009,0.3159383
S01_Sess02_FB010,0.19293559
S01_Sess02_FB011,0.6912849
S01_Sess02_FB012,0.39976323
S01_Sess02_FB013,0.3615902
S01_Sess02_FB014,0.62380064
S01_Sess02_FB015,0.30338955
S01_Sess02_FB016,0.3907473
S01_Sess02_FB017,0.4454472
S01_Sess02_FB018,0.24022245
S01_Sess02_FB019,0.2727223
S01_Sess02_FB020,0.31759548
S01_Sess02_FB021,0.31967127
S01_Sess02_FB022,0.56506413
S01_Sess02_FB023,0.31613952
S01_Sess02_FB024,0.3717491
S01_Sess02_FB025,0.54500085
S01_Sess02_FB026,0.35901046
S01_Sess02_FB027,0.29676026
S01_Sess02_FB028,0.40007764
S01_Sess02_FB029,0.4966187
S01_Sess02_FB030,0.35359573
S01_Sess02_FB031,0.27747983
S01_Sess02_FB032,0.45996642
S01_Sess02_FB033,0.43477237
S01_Sess02_FB034,0.16363782
S01_Sess02_FB035,0.22742581
S01_Sess02_FB036,0.28448564
S01_Sess02_FB037,0.24241966
S01_Sess02_FB038,0.371009
S01_Sess02_FB039,0.20260918
S01_Sess02_FB040,0.36434639
S01_Sess02_FB041,0.334184
S01_Sess02_FB042,0.34042865
S01_Sess02_FB043,0.3926869
S01_Sess02_FB044,0.17890441
S01_Sess02_FB045,0.16612077
S01_Sess02_FB046,0.58640736
S01_Sess02_FB047,0.328147
S01_Sess02_FB048,0.5458876
S01_Sess02_FB049,0.21034288
S01_Sess02_FB050,0.7144759
S01_Sess02_FB051,0.48005378
S01_Sess02_FB052,0.22587138
S01_Sess02_FB053,0.4339106
S01_Sess02_FB054,0.6692394
S01_Sess02_FB055,0.37419373
S01_Sess02_FB056,0.350563
S01_Sess02_FB057,0.5213865
S01_Sess02_FB058,0.3716923
S01_Sess02_FB059,0.27504164
S01_Sess02_FB060,0.23276019
S01_Sess03_FB001,0.20504278
S01_Sess03_FB002,0.47919315
S01_Sess03_FB003,0.2804988
S01_Sess03_FB004,0.49190027
S01_Sess03_FB005,0.2644834
S01_Sess03_FB006,0.622724
S01_Sess03_FB007,0.23995507
S01_Sess03_FB008,0.25627714
S01_Sess03_FB009,0.46467745
S01_Sess03_FB010,0.45652944
S01_Sess03_FB011,0.26147556
S01_Sess03_FB012,0.48621422
S01_Sess03_FB013,0.40264058
S01_Sess03_FB014,0.26687557
S01_Sess03_FB015,0.27681792
S01_Sess03_FB016,0.41135633
S01_Sess03_FB017,0.28896302
S01_Sess03_FB018,0.1509648
S01_Sess03_FB019,0.21681678
S01_Sess03_FB020,0.19317192
S01_Sess03_FB021,0.13711774
S01_Sess03_FB022,0.16939425
S01_Sess03_FB023,0.1938371
S01_Sess03_FB024,0.46526855
S01_Sess03_FB025,0.33480823
S01_Sess03_FB026,0.39972776
S01_Sess03_FB027,0.28378618
S01_Sess03_FB028,0.29722756
S01_Sess03_FB029,0.35837364
S01_Sess03_FB030,0.37841183
S01_Sess03_FB031,0.4869548
S01_Sess03_FB032,0.37679505
S01_Sess03_FB033,0.38781625
S01_Sess03_FB034,0.44010973
S01_Sess03_FB035,0.39746398
S01_Sess03_FB036,0.28348863
S01_Sess03_FB037,0.29556453
S01_Sess03_FB038,0.3434729
S01_Sess03_FB039,0.3149094
S01_Sess03_FB040,0.3736928
S01_Sess03_FB041,0.25852203
S01_Sess03_FB042,0.41303015
S01_Sess03_FB043,0.2862324
S01_Sess03_FB044,0.26540458
S01_Sess03_FB045,0.45375443
S01_Sess03_FB046,0.6503428
S01_Sess03_FB047,0.38538915
S01_Sess03_FB048,0.31733555
S01_Sess03_FB049,0.59488875
S01_Sess03_FB050,0.20891237
S01_Sess03_FB051,0.51319355
S01_Sess03_FB052,0.38897967
S01_Sess03_FB053,0.46388656
S01_Sess03_FB054,0.43190116
S01_Sess03_FB055,0.21856445
S01_Sess03_FB056,0.42012244
S01_Sess03_FB057,0.42543024
S01_Sess03_FB058,0.26277077
S01_Sess03_FB059,0.37978935
S01_Sess03_FB060,0.37595153
S01_Sess04_FB001,0.5690155
S01_Sess04_FB002,0.28107345
S01_Sess04_FB003,0.27486444
S01_Sess04_FB004,0.3030572
S01_Sess04_FB005,0.40703267
S01_Sess04_FB006,0.377667
S01_Sess04_FB007,0.32909012
S01_Sess04_FB008,0.63975513
S01_Sess04_FB009,0.15839219
S01_Sess04_FB010,0.30125022
S01_Sess04_FB011,0.32955372
S01_Sess04_FB012,0.35913104
S01_Sess04_FB013,0.4944188
S01_Sess04_FB014,0.46890187
S01_Sess04_FB015,0.3736934
S01_Sess04_FB016,0.5086293
S01_Sess04_FB017,0.3623097
S01_Sess04_FB018,0.16704202
S01_Sess04_FB019,0.28491735
S01_Sess04_FB020,0.46610665
S01_Sess04_FB021,0.299635
S01_Sess04_FB022,0.19595128
S01_Sess04_FB023,0.3907585
S01_Sess04_FB024,0.33945346
S01_Sess04_FB025,0.20345706
S01_Sess04_FB026,0.5016464
S01_Sess04_FB027,0.31016463
S01_Sess04_FB028,0.4045303
S01_Sess04_FB029,0.4559977
S01_Sess04_FB030,0.53435516
S01_Sess04_FB031,0.32836473
S01_Sess04_FB032,0.3485493
S01_Sess04_FB033,0.51914084
S01_Sess04_FB034,0.62132704
S01_Sess04_FB035,0.49504918
S01_Sess04_FB036,0.2638927
S01_Sess04_FB037,0.21186715
S01_Sess04_FB038,0.5274013
S01_Sess04_FB039,0.2807021
S01_Sess04_FB040,0.16653407
S01_Sess04_FB041,0.28164148
S01_Sess04_FB042,0.38337332
S01_Sess04_FB043,0.5119755
S01_Sess04_FB044,0.5586246
S01_Sess04_FB045,0.49737096
S01_Sess04_FB046,0.61374164
S01_Sess04_FB047,0.35528433
S01_Sess04_FB048,0.3018722
S01_Sess04_FB049,0.47232062
S01_Sess04_FB050,0.18114364
S01_Sess04_FB051,0.23261046
S01_Sess04_FB052,0.2664011
S01_Sess04_FB053,0.14447081
S01_Sess04_FB054,0.2701081
S01_Sess04_FB055,0.32959098
S01_Sess04_FB056,0.2518747
S01_Sess04_FB057,0.4226774
S01_Sess04_FB058,0.28460336
S01_Sess04_FB059,0.44354433
S01_Sess04_FB060,0.4179579
S01_Sess05_FB001,0.43974823
S01_Sess05_FB002,0.40619636
S01_Sess05_FB003,0.39145297
S01_Sess05_FB004,0.447451
S01_Sess05_FB005,0.55682147
S01_Sess05_FB006,0.32619023
S01_Sess05_FB007,0.5406444
S01_Sess05_FB008,0.422607
S01_Sess05_FB009,0.59067833
S01_Sess05_FB010,0.44172913
S01_Sess05_FB011,0.42250496
S01_Sess05_FB012,0.46207488
S01_Sess05_FB013,0.44964945
S01_Sess05_FB014,0.51963764
S01_Sess05_FB015,0.4868487
S01_Sess05_FB016,0.25340164
S01_Sess05_FB017,0.42745745
S01_Sess05_FB018,0.43989915
S01_Sess05_FB019,0.44268757
S01_Sess05_FB020,0.35074973
S01_Sess05_FB021,0.2934813
S01_Sess05_FB022,0.47627503
S01_Sess05_FB023,0.60864025
S01_Sess05_FB024,0.48072785
S01_Sess05_FB025,0.4904951
S01_Sess05_FB026,0.5279428
S01_Sess05_FB027,0.41539365
S01_Sess05_FB028,0.39925915
S01_Sess05_FB029,0.59865487
S01_Sess05_FB030,0.44924968
S01_Sess05_FB031,0.6100426
S01_Sess05_FB032,0.30715042
S01_Sess05_FB033,0.45846164
S01_Sess05_FB034,0.31917888
S01_Sess05_FB035,0.40578812
S01_Sess05_FB036,0.23613966
S01_Sess05_FB037,0.43828094
S01_Sess05_FB038,0.35624874
S01_Sess05_FB039,0.5788351
S01_Sess05_FB040,0.28570455
S01_Sess05_FB041,0.52281106
S01_Sess05_FB042,0.5512586
S01_Sess05_FB043,0.4608704
S01_Sess05_FB044,0.49407744
S01_Sess05_FB045,0.23990685
S01_Sess05_FB046,0.5415426
S01_Sess05_FB047,0.31775206
S01_Sess05_FB048,0.63799447
S01_Sess05_FB049,0.5319848
S01_Sess05_FB050,0.41957515
S01_Sess05_FB051,0.51662207
S01_Sess05_FB052,0.5296992
S01_Sess05_FB053,0.56085396
S01_Sess05_FB054,0.34445238
S01_Sess05_FB055,0.6504874
S01_Sess05_FB056,0.24662489
S01_Sess05_FB057,0.45105523
S01_Sess05_FB058,0.1882174
S01_Sess05_FB059,0.11066812
S01_Sess05_FB060,0.46032202
S01_Sess05_FB061,0.3608042
S01_Sess05_FB062,0.51192206
S01_Sess05_FB063,0.46598697
S01_Sess05_FB064,0.30921513
S01_Sess05_FB065,0.46281356
S01_Sess05_FB066,0.24600595
S01_Sess05_FB067,0.3278494
S01_Sess05_FB068,0.438729
S01_Sess05_FB069,0.63371444
S01_Sess05_FB070,0.3680622
S01_Sess05_FB071,0.3087495
S01_Sess05_FB072,0.24846685
S01_Sess05_FB073,0.41240674
S01_Sess05_FB074,0.4959002
S01_Sess05_FB075,0.4223807
S01_Sess05_FB076,0.52529645
S01_Sess05_FB077,0.3585946
S01_Sess05_FB078,0.52816486
S01_Sess05_FB079,0.35799795
S01_Sess05_FB080,0.31886643
S01_Sess05_FB081,0.32948488
S01_Sess05_FB082,0.3858418
S01_Sess05_FB083,0.41875917
S01_Sess05_FB084,0.5293825
S01_Sess05_FB085,0.55767834
S01_Sess05_FB086,0.35514516
S01_Sess05_FB087,0.51609707
S01_Sess05_FB088,0.31191087
S01_Sess05_FB089,0.47677344
S01_Sess05_FB090,0.30181402
S01_Sess05_FB091,0.42391902
S01_Sess05_FB092,0.38612294
S01_Sess05_FB093,0.52581763
S01_Sess05_FB094,0.17091125
S01_Sess05_FB095,0.541847
S01_Sess05_FB096,0.41582745
S01_Sess05_FB097,0.21538275
S01_Sess05_FB098,0.38512146
S01_Sess05_FB099,0.46065098
S01_Sess05_FB100,0.5189165
S03_Sess01_FB001,0.34544766
S03_Sess01_FB002,0.24160391
S03_Sess01_FB003,0.41289467
S03_Sess01_FB004,0.4724083
S03_Sess01_FB005,0.4079126
S03_Sess01_FB006,0.31413072
S03_Sess01_FB007,0.39051425
S03_Sess01_FB008,0.25675327
S03_Sess01_FB009,0.28107178
S03_Sess01_FB010,0.26723093
S03_Sess01_FB011,0.4990667
S03_Sess01_FB012,0.45258433
S03_Sess01_FB013,0.44623578
S03_Sess01_FB014,0.3469147
S03_Sess01_FB015,0.38430834
S03_Sess01_FB016,0.4073028
S03_Sess01_FB017,0.48279327
S03_Sess01_FB018,0.5284306
S03_Sess01_FB019,0.51113755
S03_Sess01_FB020,0.31480098
S03_Sess01_FB021,0.4890805
S03_Sess01_FB022,0.5787687
S03_Sess01_FB023,0.30145895
S03_Sess01_FB024,0.326029
S03_Sess01_FB025,0.42511588
S03_Sess01_FB026,0.32324308
S03_Sess01_FB027,0.36878073
S03_Sess01_FB028,0.32280958
S03_Sess01_FB029,0.3986494
S03_Sess01_FB030,0.44478863
S03_Sess01_FB031,0.3472227
S03_Sess01_FB032,0.10834324
S03_Sess01_FB033,0.47521806
S03_Sess01_FB034,0.1870653
S03_Sess01_FB035,0.19097048
S03_Sess01_FB036,0.38337874
S03_Sess01_FB037,0.27664864
S03_Sess01_FB038,0.32096994
S03_Sess01_FB039,0.2513051
S03_Sess01_FB040,0.32573712
S03_Sess01_FB041,0.4714381
S03_Sess01_FB042,0.4324904
S03_Sess01_FB043,0.26931095
S03_Sess01_FB044,0.3825919
S03_Sess01_FB045,0.40884608
S03_Sess01_FB046,0.5690664
S03_Sess01_FB047,0.37309706
S03_Sess01_FB048,0.5121106
S03_Sess01_FB049,0.29601902
S03_Sess01_FB050,0.573382
S03_Sess01_FB051,0.30755293
S03_Sess01_FB052,0.3971935
S03_Sess01_FB053,0.3766269
S03_Sess01_FB054,0.37898755
S03_Sess01_FB055,0.51158285
S03_Sess01_FB056,0.47330368
S03_Sess01_FB057,0.34654754
S03_Sess01_FB058,0.3104285
S03_Sess01_FB059,0.41263205
S03_Sess01_FB060,0.22043234
S03_Sess02_FB001,0.50299895
S03_Sess02_FB002,0.4385063
S03_Sess02_FB003,0.5333726
S03_Sess02_FB004,0.4901266
S03_Sess02_FB005,0.27414858
S03_Sess02_FB006,0.37974745
S03_Sess02_FB007,0.48339123
S03_Sess02_FB008,0.20994115
S03_Sess02_FB009,0.45699435
S03_Sess02_FB010,0.25011754
S03_Sess02_FB011,0.40023285
S03_Sess02_FB012,0.25481325
S03_Sess02_FB013,0.41079104
S03_Sess02_FB014,0.46262127
S03_Sess02_FB015,0.52547485
S03_Sess02_FB016,0.5411861
S03_Sess02_FB017,0.33801937
S03_Sess02_FB018,0.18656445
S03_Sess02_FB019,0.5952638
S03_Sess02_FB020,0.279886
S03_Sess02_FB021,0.40662867
S03_Sess02_FB022,0.50053096
S03_Sess02_FB023,0.21962011
S03_Sess02_FB024,0.5316708
S03_Sess02_FB025,0.32564145
S03_Sess02_FB026,0.20888126
S03_Sess02_FB027,0.28878814
S03_Sess02_FB028,0.37478507
S03_Sess02_FB029,0.4771257
S03_Sess02_FB030,0.3334542
S03_Sess02_FB031,0.6780163
S03_Sess02_FB032,0.6150172
S03_Sess02_FB033,0.3050844
S03_Sess02_FB034,0.34925622
S03_Sess02_FB035,0.4723305
S03_Sess02_FB036,0.27043408
S03_Sess02_FB037,0.2634712
S03_Sess02_FB038,0.35928345
S03_Sess02_FB039,0.3729574
S03_Sess02_FB040,0.3407814
S03_Sess02_FB041,0.30703682
S03_Sess02_FB042,0.69393486
S03_Sess02_FB043,0.39285558
S03_Sess02_FB044,0.66129935
S03_Sess02_FB045,0.34192216
S03_Sess02_FB046,0.4053321
S03_Sess02_FB047,0.27852124
S03_Sess02_FB048,0.31966823
S03_Sess02_FB049,0.54773164
S03_Sess02_FB050,0.41529697
S03_Sess02_FB051,0.46102047
S03_Sess02_FB052,0.18797946
S03_Sess02_FB053,0.53528404
S03_Sess02_FB054,0.40780586
S03_Sess02_FB055,0.3532704
S03_Sess02_FB056,0.38247037
S03_Sess02_FB057,0.42429852
S03_Sess02_FB058,0.48107684
S03_Sess02_FB059,0.45561552
S03_Sess02_FB060,0.3998145
S03_Sess03_FB001,0.36968434
S03_Sess03_FB002,0.31901067
S03_Sess03_FB003,0.26152343
S03_Sess03_FB004,0.46717328
S03_Sess03_FB005,0.32794446
S03_Sess03_FB006,0.4991724
S03_Sess03_FB007,0.4100278
S03_Sess03_FB008,0.50412595
S03_Sess03_FB009,0.15436745
S03_Sess03_FB010,0.5112107
S03_Sess03_FB011,0.19594556
S03_Sess03_FB012,0.502944
S03_Sess03_FB013,0.609767
S03_Sess03_FB014,0.29488647
S03_Sess03_FB015,0.31083047
S03_Sess03_FB016,0.32807428
S03_Sess03_FB017,0.54626274
S03_Sess03_FB018,0.36285037
S03_Sess03_FB019,0.3849864
S03_Sess03_FB020,0.3336296
S03_Sess03_FB021,0.41958916
S03_Sess03_FB022,0.19481516
S03_Sess03_FB023,0.571923
S03_Sess03_FB024,0.1838988
S03_Sess03_FB025,0.34867406
S03_Sess03_FB026,0.49783248
S03_Sess03_FB027,0.5555657
S03_Sess03_FB028,0.3606735
S03_Sess03_FB029,0.20779246
S03_Sess03_FB030,0.37046748
S03_Sess03_FB031,0.5882507
S03_Sess03_FB032,0.34230816
S03_Sess03_FB033,0.43407744
S03_Sess03_FB034,0.3802923
S03_Sess03_FB035,0.43342096
S03_Sess03_FB036,0.20528197
S03_Sess03_FB037,0.39213896
S03_Sess03_FB038,0.3511194
S03_Sess03_FB039,0.2029624
S03_Sess03_FB040,0.3850209
S03_Sess03_FB041,0.54738367
S03_Sess03_FB042,0.5659275
S03_Sess03_FB043,0.19901103
S03_Sess03_FB044,0.56495416
S03_Sess03_FB045,0.3647259
S03_Sess03_FB046,0.31076026
S03_Sess03_FB047,0.4160295
S03_Sess03_FB048,0.46116048
S03_Sess03_FB049,0.48878276
S03_Sess03_FB050,0.3764375
S03_Sess03_FB051,0.39181668
S03_Sess03_FB052,0.43045717
S03_Sess03_FB053,0.5544504
S03_Sess03_FB054,0.24341702
S03_Sess03_FB055,0.30468512
S03_Sess03_FB056,0.260199
S03_Sess03_FB057,0.49547672
S03_Sess03_FB058,0.32289368
S03_Sess03_FB059,0.4174739
S03_Sess03_FB060,0.5917773
S03_Sess04_FB001,0.2757597
S03_Sess04_FB002,0.55073845
S03_Sess04_FB003,0.3624615
S03_Sess04_FB004,0.40864068
S03_Sess04_FB005,0.40627474
S03_Sess04_FB006,0.5923696
S03_Sess04_FB007,0.23208565
S03_Sess04_FB008,0.30946428
S03_Sess04_FB009,0.29919684
S03_Sess04_FB010,0.49751365
S03_Sess04_FB011,0.49458343
S03_Sess04_FB012,0.3778509
S03_Sess04_FB013,0.594259
S03_Sess04_FB014,0.3834467
S03_Sess04_FB015,0.50774324
S03_Sess04_FB016,0.20712018
S03_Sess04_FB017,0.3118121
S03_Sess04_FB018,0.35244066
S03_Sess04_FB019,0.2293523
S03_Sess04_FB020,0.48253804
S03_Sess04_FB021,0.29204345
S03_Sess04_FB022,0.4066751
S03_Sess04_FB023,0.24498081
S03_Sess04_FB024,0.6434949
S03_Sess04_FB025,0.24493325
S03_Sess04_FB026,0.29833835
S03_Sess04_FB027,0.44884807
S03_Sess04_FB028,0.35587305
S03_Sess04_FB029,0.5856482
S03_Sess04_FB030,0.43217456
S03_Sess04_FB031,0.22490662
S03_Sess04_FB032,0.5656888
S03_Sess04_FB033,0.12605155
S03_Sess04_FB034,0.3247469
S03_Sess04_FB035,0.19113243
S03_Sess04_FB036,0.37522006
S03_Sess04_FB037,0.32750362
S03_Sess04_FB038,0.7078635
S03_Sess04_FB039,0.47322035
S03_Sess04_FB040,0.25123745
S03_Sess04_FB041,0.18624651
S03_Sess04_FB042,0.32442832
S03_Sess04_FB043,0.1696434
S03_Sess04_FB044,0.4179557
S03_Sess04_FB045,0.35633528
S03_Sess04_FB046,0.45358253
S03_Sess04_FB047,0.48461837
S03_Sess04_FB048,0.5173081
S03_Sess04_FB049,0.17942184
S03_Sess04_FB050,0.34486544
S03_Sess04_FB051,0.25795084
S03_Sess04_FB052,0.29679894
S03_Sess04_FB053,0.34159583
S03_Sess04_FB054,0.38645786
S03_Sess04_FB055,0.4178189
S03_Sess04_FB056,0.38584763
S03_Sess04_FB057,0.2753082
S03_Sess04_FB058,0.54121125
S03_Sess04_FB059,0.2021169
S03_Sess04_FB060,0.4282819
S03_Sess05_FB001,0.31971133
S03_Sess05_FB002,0.52883506
S03_Sess05_FB003,0.4389153
S03_Sess05_FB004,0.4948823
S03_Sess05_FB005,0.51360583
S03_Sess05_FB006,0.6530005
S03_Sess05_FB007,0.458494
S03_Sess05_FB008,0.58356047
S03_Sess05_FB009,0.4350583
S03_Sess05_FB010,0.3843133
S03_Sess05_FB011,0.5796979
S03_Sess05_FB012,0.5642399
S03_Sess05_FB013,0.44641376
S03_Sess05_FB014,0.5563735
S03_Sess05_FB015,0.46678132
S03_Sess05_FB016,0.43108827
S03_Sess05_FB017,0.39750063
S03_Sess05_FB018,0.40447372
S03_Sess05_FB019,0.49384505
S03_Sess05_FB020,0.42781627
S03_Sess05_FB021,0.33306366
S03_Sess05_FB022,0.36784673
S03_Sess05_FB023,0.35339963
S03_Sess05_FB024,0.32470244
S03_Sess05_FB025,0.39643192
S03_Sess05_FB026,0.24113041
S03_Sess05_FB027,0.23813128
S03_Sess05_FB028,0.4236765
S03_Sess05_FB029,0.40754318
S03_Sess05_FB030,0.5566372
S03_Sess05_FB031,0.5582638
S03_Sess05_FB032,0.5550385
S03_Sess05_FB033,0.5410899
S03_Sess05_FB034,0.2698999
S03_Sess05_FB035,0.53806776
S03_Sess05_FB036,0.47228354
S03_Sess05_FB037,0.53239214
S03_Sess05_FB038,0.24366051
S03_Sess05_FB039,0.41189224
S03_Sess05_FB040,0.5223414
S03_Sess05_FB041,0.41269332
S03_Sess05_FB042,0.45636982
S03_Sess05_FB043,0.3118431
S03_Sess05_FB044,0.48566306
S03_Sess05_FB045,0.5610481
S03_Sess05_FB046,0.40769738
S03_Sess05_FB047,0.37054247
S03_Sess05_FB048,0.36645716
S03_Sess05_FB049,0.3536017
S03_Sess05_FB050,0.4712178
S03_Sess05_FB051,0.42983288
S03_Sess05_FB052,0.24592173
S03_Sess05_FB053,0.30016392
S03_Sess05_FB054,0.578936
S03_Sess05_FB055,0.4645514
S03_Sess05_FB056,0.27823037
S03_Sess05_FB057,0.62696445
S03_Sess05_FB058,0.434788
S03_Sess05_FB059,0.4542482
S03_Sess05_FB060,0.37106526
S03_Sess05_FB061,0.34847754
S03_Sess05_FB062,0.62592167
S03_Sess05_FB063,0.4430787
S03_Sess05_FB064,0.3149227
S03_Sess05_FB065,0.30542147
S03_Sess05_FB066,0.3759324
S03_Sess05_FB067,0.52228963
S03_Sess05_FB068,0.43621647
S03_Sess05_FB069,0.47670418
S03_Sess05_FB070,0.4270106
S03_Sess05_FB071,0.6861588
S03_Sess05_FB072,0.20906019
S03_Sess05_FB073,0.42069995
S03_Sess05_FB074,0.31960124
S03_Sess05_FB075,0.24301839
S03_Sess05_FB076,0.41860324
S03_Sess05_FB077,0.2480163
S03_Sess05_FB078,0.40589362
S03_Sess05_FB079,0.463628
S03_Sess05_FB080,0.42405754
S03_Sess05_FB081,0.46335083
S03_Sess05_FB082,0.47216576
S03_Sess05_FB083,0.33401895
S03_Sess05_FB084,0.3720007
S03_Sess05_FB085,0.5562398
S03_Sess05_FB086,0.47430575
S03_Sess05_FB087,0.20195204
S03_Sess05_FB088,0.40197778
S03_Sess05_FB089,0.2516076
S03_Sess05_FB090,0.54381347
S03_Sess05_FB091,0.28776497
S03_Sess05_FB092,0.15704125
S03_Sess05_FB093,0.16478264
S03_Sess05_FB094,0.34094864
S03_Sess05_FB095,0.30746228
S03_Sess05_FB096,0.43116605
S03_Sess05_FB097,0.5569695
S03_Sess05_FB098,0.56073403
S03_Sess05_FB099,0.41257256
S03_Sess05_FB100,0.31450188
S04_Sess01_FB001,0.5420767
S04_Sess01_FB002,0.39149135
S04_Sess01_FB003,0.34010464
S04_Sess01_FB004,0.31885463
S04_Sess01_FB005,0.37104803
S04_Sess01_FB006,0.2737581
S04_Sess01_FB007,0.3906132
S04_Sess01_FB008,0.5242716
S04_Sess01_FB009,0.45946974
S04_Sess01_FB010,0.6244222
S04_Sess01_FB011,0.23369539
S04_Sess01_FB012,0.36076844
S04_Sess01_FB013,0.2834813
S04_Sess01_FB014,0.22396296
S04_Sess01_FB015,0.4724136
S04_Sess01_FB016,0.4285236
S04_Sess01_FB017,0.30524713
S04_Sess01_FB018,0.31679326
S04_Sess01_FB019,0.47704536
S04_Sess01_FB020,0.3057639
S04_Sess01_FB021,0.33639294
S04_Sess01_FB022,0.3832258
S04_Sess01_FB023,0.36145675
S04_Sess01_FB024,0.3344854
S04_Sess01_FB025,0.20626366
S04_Sess01_FB026,0.43566364
S04_Sess01_FB027,0.4716245
S04_Sess01_FB028,0.21327353
S04_Sess01_FB029,0.48866266
S04_Sess01_FB030,0.59165496
S04_Sess01_FB031,0.35336882
S04_Sess01_FB032,0.27350223
S04_Sess01_FB033,0.28557813
S04_Sess01_FB034,0.46469587
S04_Sess01_FB035,0.100474656
S04_Sess01_FB036,0.29650205
S04_Sess01_FB037,0.4182408
S04_Sess01_FB038,0.42283255
S04_Sess01_FB039,0.30788684
S04_Sess01_FB040,0.60839075
S04_Sess01_FB041,0.6753185
S04_Sess01_FB042,0.35529065
S04_Sess01_FB043,0.28028435
S04_Sess01_FB044,0.48733747
S04_Sess01_FB045,0.3818869
S04_Sess01_FB046,0.2730831
S04_Sess01_FB047,0.31145197
S04_Sess01_FB048,0.32959312
S04_Sess01_FB049,0.46571618
S04_Sess01_FB050,0.45922726
S04_Sess01_FB051,0.5272918
S04_Sess01_FB052,0.4246323
S04_Sess01_FB053,0.37089598
S04_Sess01_FB054,0.18836421
S04_Sess01_FB055,0.35439253
S04_Sess01_FB056,0.38749307
S04_Sess01_FB057,0.3486743
S04_Sess01_FB058,0.24101037
S04_Sess01_FB059,0.4501509
S04_Sess01_FB060,0.38143325
S04_Sess02_FB001,0.3080715
S04_Sess02_FB002,0.30347788
S04_Sess02_FB003,0.33260268
S04_Sess02_FB004,0.36430234
S04_Sess02_FB005,0.46654242
S04_Sess02_FB006,0.3135301
S04_Sess02_FB007,0.32564777
S04_Sess02_FB008,0.28009105
S04_Sess02_FB009,0.15431118
S04_Sess02_FB010,0.3596319
S04_Sess02_FB011,0.34307778
S04_Sess02_FB012,0.50262713
S04_Sess02_FB013,0.41116118
S04_Sess02_FB014,0.4021259
S04_Sess02_FB015,0.3575014
S04_Sess02_FB016,0.40176207
S04_Sess02_FB017,0.51328444
S04_Sess02_FB018,0.27803677
S04_Sess02_FB019,0.5219197
S04_Sess02_FB020,0.47001588
S04_Sess02_FB021,0.38734996
S04_Sess02_FB022,0.46730268
S04_Sess02_FB023,0.30950165
S04_Sess02_FB024,0.3946632
S04_Sess02_FB025,0.34502834
S04_Sess02_FB026,0.47588527
S04_Sess02_FB027,0.52657497
S04_Sess02_FB028,0.32973313
S04_Sess02_FB029,0.643939
S04_Sess02_FB030,0.45991832
S04_Sess02_FB031,0.4688248
S04_Sess02_FB032,0.3889023
S04_Sess02_FB033,0.23417795
S04_Sess02_FB034,0.39026964
S04_Sess02_FB035,0.1719141
S04_Sess02_FB036,0.457089
S04_Sess02_FB037,0.3209654
S04_Sess02_FB038,0.25036526
S04_Sess02_FB039,0.20895171
S04_Sess02_FB040,0.39299327
S04_Sess02_FB041,0.24020886
S04_Sess02_FB042,0.3169155
S04_Sess02_FB043,0.28730327
S04_Sess02_FB044,0.27367443
S04_Sess02_FB045,0.11097604
S04_Sess02_FB046,0.50447744
S04_Sess02_FB047,0.34758282
S04_Sess02_FB048,0.6302979
S04_Sess02_FB049,0.24887604
S04_Sess02_FB050,0.40471202
S04_Sess02_FB051,0.4035889
S04_Sess02_FB052,0.38833785
S04_Sess02_FB053,0.32484633
S04_Sess02_FB054,0.23922843
S04_Sess02_FB055,0.21050656
S04_Sess02_FB056,0.64989257
S04_Sess02_FB057,0.30521625
S04_Sess02_FB058,0.17867142
S04_Sess02_FB059,0.39732933
S04_Sess02_FB060,0.41159546
S04_Sess03_FB001,0.22320229
S04_Sess03_FB002,0.24914116
S04_Sess03_FB003,0.5395988
S04_Sess03_FB004,0.19908893
S04_Sess03_FB005,0.3459705
S04_Sess03_FB006,0.40384012
S04_Sess03_FB007,0.48236167
S04_Sess03_FB008,0.49190348
S04_Sess03_FB009,0.39201206
S04_Sess03_FB010,0.2786618
S04_Sess03_FB011,0.5803342
S04_Sess03_FB012,0.5253099
S04_Sess03_FB013,0.4069566
S04_Sess03_FB014,0.34297842
S04_Sess03_FB015,0.48806745
S04_Sess03_FB016,0.45230812
S04_Sess03_FB017,0.57170194
S04_Sess03_FB018,0.54092884
S04_Sess03_FB019,0.2935093
S04_Sess03_FB020,0.20655537
S04_Sess03_FB021,0.28345346
S04_Sess03_FB022,0.21865577
S04_Sess03_FB023,0.42382497
S04_Sess03_FB024,0.5910614
S04_Sess03_FB025,0.19891202
S04_Sess03_FB026,0.16445065
S04_Sess03_FB027,0.4091522
S04_Sess03_FB028,0.3298943
S04_Sess03_FB029,0.40918046
S04_Sess03_FB030,0.478405
S04_Sess03_FB031,0.40992504
S04_Sess03_FB032,0.2332105
S04_Sess03_FB033,0.286277
S04_Sess03_FB034,0.5003834
S04_Sess03_FB035,0.46223295
S04_Sess03_FB036,0.42984653
S04_Sess03_FB037,0.6899257
S04_Sess03_FB038,0.3437937
S04_Sess03_FB039,0.3721676
S04_Sess03_FB040,0.25773042
S04_Sess03_FB041,0.3608691
S04_Sess03_FB042,0.3450417
S04_Sess03_FB043,0.30341107
S04_Sess03_FB044,0.3334446
S04_Sess03_FB045,0.64764524
S04_Sess03_FB046,0.4671995
S04_Sess03_FB047,0.53318346
S04_Sess03_FB048,0.45915937
S04_Sess03_FB049,0.59289104
S04_Sess03_FB050,0.5392914
S04_Sess03_FB051,0.7768067
S04_Sess03_FB052,0.13234603
S04_Sess03_FB053,0.39393502
S04_Sess03_FB054,0.21996886
S04_Sess03_FB055,0.5309405
S04_Sess03_FB056,0.20257664
S04_Sess03_FB057,0.22378689
S04_Sess03_FB058,0.37170243
S04_Sess03_FB059,0.4731009
S04_Sess03_FB060,0.17934126
S04_Sess04_FB001,0.23719734
S04_Sess04_FB002,0.17316765
S04_Sess04_FB003,0.24748087
S04_Sess04_FB004,0.24247175
S04_Sess04_FB005,0.3115676
S04_Sess04_FB006,0.34287822
S04_Sess04_FB007,0.28598964
S04_Sess04_FB008,0.43232495
S04_Sess04_FB009,0.20680606
S04_Sess04_FB010,0.454619
S04_Sess04_FB011,0.49884158
S04_Sess04_FB012,0.327546
S04_Sess04_FB013,0.28721058
S04_Sess04_FB014,0.2855059
S04_Sess04_FB015,0.55827653
S04_Sess04_FB016,0.48788494
S04_Sess04_FB017,0.610965
S04_Sess04_FB018,0.25807607
S04_Sess04_FB019,0.36976916
S04_Sess04_FB020,0.36656404
S04_Sess04_FB021,0.40985417
S04_Sess04_FB022,0.36732382
S04_Sess04_FB023,0.30851567
S04_Sess04_FB024,0.18877071
S04_Sess04_FB025,0.36683112
S04_Sess04_FB026,0.32585692
S04_Sess04_FB027,0.3542698
S04_Sess04_FB028,0.4388762
S04_Sess04_FB029,0.57000965
S04_Sess04_FB030,0.20597345
S04_Sess04_FB031,0.42139256
S04_Sess04_FB032,0.6141161
S04_Sess04_FB033,0.3768834
S04_Sess04_FB034,0.45610285
S04_Sess04_FB035,0.2742164
S04_Sess04_FB036,0.14260352
S04_Sess04_FB037,0.2784829
S04_Sess04_FB038,0.34975088
S04_Sess04_FB039,0.49015492
S04_Sess04_FB040,0.3519562
S04_Sess04_FB041,0.63095295
S04_Sess04_FB042,0.29496032
S04_Sess04_FB043,0.6170932
S04_Sess04_FB044,0.5433303
S04_Sess04_FB045,0.31779587
S04_Sess04_FB046,0.43315047
S04_Sess04_FB047,0.34884775
S04_Sess04_FB048,0.3305847
S04_Sess04_FB049,0.39823735
S04_Sess04_FB050,0.32058167
S04_Sess04_FB051,0.287794
S04_Sess04_FB052,0.56746686
S04_Sess04_FB053,0.32744563
S04_Sess04_FB054,0.41390145
S04_Sess04_FB055,0.19029975
S04_Sess04_FB056,0.3617602
S04_Sess04_FB057,0.25556278
S04_Sess04_FB058,0.5703355
S04_Sess04_FB059,0.15654111
S04_Sess04_FB060,0.28485507
S04_Sess05_FB001,0.57360446
S04_Sess05_FB002,0.4213456
S04_Sess05_FB003,0.26967216
S04_Sess05_FB004,0.2996241
S04_Sess05_FB005,0.41974807
S04_Sess05_FB006,0.44465905
S04_Sess05_FB007,0.30527037
S04_Sess05_FB008,0.4817378
S04_Sess05_FB009,0.31741613
S04_Sess05_FB010,0.63365674
S04_Sess05_FB011,0.38490212
S04_Sess05_FB012,0.3264748
S04_Sess05_FB013,0.33954966
S04_Sess05_FB014,0.58043027
S04_Sess05_FB015,0.3825848
S04_Sess05_FB016,0.46110314
S04_Sess05_FB017,0.42910236
S04_Sess05_FB018,0.48383105
S04_Sess05_FB019,0.21292567
S04_Sess05_FB020,0.5239326
S04_Sess05_FB021,0.60126543
S04_Sess05_FB022,0.45329285
S04_Sess05_FB023,0.5025561
S04_Sess05_FB024,0.28468764
S04_Sess05_FB025,0.31016928
S04_Sess05_FB026,0.46365625
S04_Sess05_FB027,0.25747174
S04_Sess05_FB028,0.6712294
S04_Sess05_FB029,0.73749495
S04_Sess05_FB030,0.35764623
S04_Sess05_FB031,0.6814319
S04_Sess05_FB032,0.4277535
S04_Sess05_FB033,0.36053067
S04_Sess05_FB034,0.4032421
S04_Sess05_FB035,0.26417297
S04_Sess05_FB036,0.29632378
S04_Sess05_FB037,0.32435638
S04_Sess05_FB038,0.32904047
S04_Sess05_FB039,0.23533177
S04_Sess05_FB040,0.3085673
S04_Sess05_FB041,0.50149596
S04_Sess05_FB042,0.554966
S04_Sess05_FB043,0.43657863
S04_Sess05_FB044,0.5114448
S04_Sess05_FB045,0.5733865
S04_Sess05_FB046,0.45740408
S04_Sess05_FB047,0.507118
S04_Sess05_FB048,0.3434993
S04_Sess05_FB049,0.5658947
S04_Sess05_FB050,0.5508046
S04_Sess05_FB051,0.4869054
S04_Sess05_FB052,0.3515646
S04_Sess05_FB053,0.57174003
S04_Sess05_FB054,0.5316164
S04_Sess05_FB055,0.27624238
S04_Sess05_FB056,0.395805
S04_Sess05_FB057,0.39192134
S04_Sess05_FB058,0.32033598
S04_Sess05_FB059,0.61153513
S04_Sess05_FB060,0.27065647
S04_Sess05_FB061,0.3615672
S04_Sess05_FB062,0.5244674
S04_Sess05_FB063,0.5219805
S04_Sess05_FB064,0.4318518
S04_Sess05_FB065,0.30662596
S04_Sess05_FB066,0.5293908
S04_Sess05_FB067,0.47753716
S04_Sess05_FB068,0.3530122
S04_Sess05_FB069,0.3813671
S04_Sess05_FB070,0.28470975
S04_Sess05_FB071,0.5258225
S04_Sess05_FB072,0.45128274
S04_Sess05_FB073,0.615574
S04_Sess05_FB074,0.3351494
S04_Sess05_FB075,0.38189507
S04_Sess05_FB076,0.60346735
S04_Sess05_FB077,0.19806331
S04_Sess05_FB078,0.20781094
S04_Sess05_FB079,0.5773934
S04_Sess05_FB080,0.30981523
S04_Sess05_FB081,0.5682778
S04_Sess05_FB082,0.4311108
S04_Sess05_FB083,0.39060223
S04_Sess05_FB084,0.5553506
S04_Sess05_FB085,0.22530776
S04_Sess05_FB086,0.41745526
S04_Sess05_FB087,0.1847167
S04_Sess05_FB088,0.41804475
S04_Sess05_FB089,0.43859726
S04_Sess05_FB090,0.51376796
S04_Sess05_FB091,0.45716792
S04_Sess05_FB092,0.5096319
S04_Sess05_FB093,0.4407946
S04_Sess05_FB094,0.4513229
S04_Sess05_FB095,0.3609491
S04_Sess05_FB096,0.31140053
S04_Sess05_FB097,0.42920148
S04_Sess05_FB098,0.3825282
S04_Sess05_FB099,0.6395402
S04_Sess05_FB100,0.40085208
S05_Sess01_FB001,0.24547482
S05_Sess01_FB002,0.3710819
S05_Sess01_FB003,0.23573881
S05_Sess01_FB004,0.45318288
S05_Sess01_FB005,0.25258148
S05_Sess01_FB006,0.3933525
S05_Sess01_FB007,0.2316097
S05_Sess01_FB008,0.22450823
S05_Sess01_FB009,0.28168488
S05_Sess01_FB010,0.21221256
S05_Sess01_FB011,0.32563555
S05_Sess01_FB012,0.2881505
S05_Sess01_FB013,0.598307
S05_Sess01_FB014,0.5975791
S05_Sess01_FB015,0.30336452
S05_Sess01_FB016,0.47456324
S05_Sess01_FB017,0.28480023
S05_Sess01_FB018,0.27351278
S05_Sess01_FB019,0.22501683
S05_Sess01_FB020,0.2956047
S05_Sess01_FB021,0.36889976
S05_Sess01_FB022,0.3778637
S05_Sess01_FB023,0.38237405
S05_Sess01_FB024,0.2828443
S05_Sess01_FB025,0.3550145
S05_Sess01_FB026,0.39827734
S05_Sess01_FB027,0.26901555
S05_Sess01_FB028,0.14988685
S05_Sess01_FB029,0.18388379
S05_Sess01_FB030,0.15768129
S05_Sess01_FB031,0.39725894
S05_Sess01_FB032,0.26452655
S05_Sess01_FB033,0.2732876
S05_Sess01_FB034,0.58137715
S05_Sess01_FB035,0.17741239
S05_Sess01_FB036,0.1960659
S05_Sess01_FB037,0.29815173
S05_Sess01_FB038,0.38973212
S05_Sess01_FB039,0.43401188
S05_Sess01_FB040,0.34383255
S05_Sess01_FB041,0.12355304
S05_Sess01_FB042,0.4966042
S05_Sess01_FB043,0.35990554
S05_Sess01_FB044,0.15725982
S05_Sess01_FB045,0.39897633
S05_Sess01_FB046,0.2086252
S05_Sess01_FB047,0.20249587
S05_Sess01_FB048,0.49155766
S05_Sess01_FB049,0.25821984
S05_Sess01_FB050,0.52343845
S05_Sess01_FB051,0.44373512
S05_Sess01_FB052,0.37009853
S05_Sess01_FB053,0.33972985
S05_Sess01_FB054,0.48123562
S05_Sess01_FB055,0.49248946
S05_Sess01_FB056,0.10297406
S05_Sess01_FB057,0.21806872
S05_Sess01_FB058,0.20576984
S05_Sess01_FB059,0.38741904
S05_Sess01_FB060,0.18587303
S05_Sess02_FB001,0.25750047
S05_Sess02_FB002,0.18453825
S05_Sess02_FB003,0.5013668
S05_Sess02_FB004,0.46032423
S05_Sess02_FB005,0.4490502
S05_Sess02_FB006,0.53745496
S05_Sess02_FB007,0.35555607
S05_Sess02_FB008,0.27054167
S05_Sess02_FB009,0.38188535
S05_Sess02_FB010,0.17475891
S05_Sess02_FB011,0.18025035
S05_Sess02_FB012,0.23850459
S05_Sess02_FB013,0.3550707
S05_Sess02_FB014,0.19668323
S05_Sess02_FB015,0.33947843
S05_Sess02_FB016,0.2214036
S05_Sess02_FB017,0.41600263
S05_Sess02_FB018,0.4034053
S05_Sess02_FB019,0.25642556
S05_Sess02_FB020,0.28819376
S05_Sess02_FB021,0.17581654
S05_Sess02_FB022,0.63859963
S05_Sess02_FB023,0.104349375
S05_Sess02_FB024,0.16018313
S05_Sess02_FB025,0.1742298
S05_Sess02_FB026,0.25701594
S05_Sess02_FB027,0.5675757
S05_Sess02_FB028,0.23844433
S05_Sess02_FB029,0.3587737
S05_Sess02_FB030,0.45314795
S05_Sess02_FB031,0.25285596
S05_Sess02_FB032,0.45159674
S05_Sess02_FB033,0.32253402
S05_Sess02_FB034,0.17400604
S05_Sess02_FB035,0.46488988
S05_Sess02_FB036,0.30727744
S05_Sess02_FB037,0.41423434
S05_Sess02_FB038,0.6752767
S05_Sess02_FB039,0.6410819
S05_Sess02_FB040,0.40674406
S05_Sess02_FB041,0.40247422
S05_Sess02_FB042,0.44074678
S05_Sess02_FB043,0.2757274
S05_Sess02_FB044,0.56235856
S05_Sess02_FB045,0.3518628
S05_Sess02_FB046,0.3935693
S05_Sess02_FB047,0.2254777
S05_Sess02_FB048,0.45985162
S05_Sess02_FB049,0.43873578
S05_Sess02_FB050,0.15857857
S05_Sess02_FB051,0.4385686
S05_Sess02_FB052,0.31474876
S05_Sess02_FB053,0.16063023
S05_Sess02_FB054,0.32474208
S05_Sess02_FB055,0.29458582
S05_Sess02_FB056,0.36689997
S05_Sess02_FB057,0.3365621
S05_Sess02_FB058,0.4591452
S05_Sess02_FB059,0.45497423
S05_Sess02_FB060,0.16971159
S05_Sess03_FB001,0.3174532
S05_Sess03_FB002,0.21141505
S05_Sess03_FB003,0.5737057
S05_Sess03_FB004,0.5219368
S05_Sess03_FB005,0.25603753
S05_Sess03_FB006,0.32881844
S05_Sess03_FB007,0.29353738
S05_Sess03_FB008,0.23891598
S05_Sess03_FB009,0.26667482
S05_Sess03_FB010,0.27811027
S05_Sess03_FB011,0.413441
S05_Sess03_FB012,0.57781196
S05_Sess03_FB013,0.19887179
S05_Sess03_FB014,0.2863224
S05_Sess03_FB015,0.31195736
S05_Sess03_FB016,0.26661968
S05_Sess03_FB017,0.29531765
S05_Sess03_FB018,0.33240068
S05_Sess03_FB019,0.41311026
S05_Sess03_FB020,0.2892576
S05_Sess03_FB021,0.37531698
S05_Sess03_FB022,0.30873537
S05_Sess03_FB023,0.17101842
S05_Sess03_FB024,0.33850086
S05_Sess03_FB025,0.38598466
S05_Sess03_FB026,0.5871798
S05_Sess03_FB027,0.38594055
S05_Sess03_FB028,0.18584377
S05_Sess03_FB029,0.31869417
S05_Sess03_FB030,0.43527645
S05_Sess03_FB031,0.28348672
S05_Sess03_FB032,0.5054923
S05_Sess03_FB033,0.3382737
S05_Sess03_FB034,0.4190033
S05_Sess03_FB035,0.43986708
S05_Sess03_FB036,0.6803237
S05_Sess03_FB037,0.34493572
S05_Sess03_FB038,0.3727916
S05_Sess03_FB039,0.48463696
S05_Sess03_FB040,0.10221499
S05_Sess03_FB041,0.4499635
S05_Sess03_FB042,0.41849607
S05_Sess03_FB043,0.3565241
S05_Sess03_FB044,0.6642883
S05_Sess03_FB045,0.39523017
S05_Sess03_FB046,0.29988176
S05_Sess03_FB047,0.17926729
S05_Sess03_FB048,0.21475881
S05_Sess03_FB049,0.23212987
S05_Sess03_FB050,0.19751245
S05_Sess03_FB051,0.30377066
S05_Sess03_FB052,0.57266366
S05_Sess03_FB053,0.33143967
S05_Sess03_FB054,0.34701556
S05_Sess03_FB055,0.55694854
S05_Sess03_FB056,0.29490137
S05_Sess03_FB057,0.46673697
S05_Sess03_FB058,0.47472036
S05_Sess03_FB059,0.21998775
S05_Sess03_FB060,0.44952118
S05_Sess04_FB001,0.33706337
S05_Sess04_FB002,0.3903091
S05_Sess04_FB003,0.5128101
S05_Sess04_FB004,0.5541189
S05_Sess04_FB005,0.25840425
S05_Sess04_FB006,0.64219844
S05_Sess04_FB007,0.39985174
S05_Sess04_FB008,0.42584783
S05_Sess04_FB009,0.42829573
S05_Sess04_FB010,0.4282446
S05_Sess04_FB011,0.41783792
S05_Sess04_FB012,0.30321896
S05_Sess04_FB013,0.40320772
S05_Sess04_FB014,0.33456224
S05_Sess04_FB015,0.43706316
S05_Sess04_FB016,0.47209764
S05_Sess04_FB017,0.28043747
S05_Sess04_FB018,0.49524707
S05_Sess04_FB019,0.11651564
S05_Sess04_FB020,0.36952198
S05_Sess04_FB021,0.5137223
S05_Sess04_FB022,0.4212141
S05_Sess04_FB023,0.5661742
S05_Sess04_FB024,0.29682708
S05_Sess04_FB025,0.3749683
S05_Sess04_FB026,0.30086374
S05_Sess04_FB027,0.24058008
S05_Sess04_FB028,0.35919505
S05_Sess04_FB029,0.38787872
S05_Sess04_FB030,0.24362254
S05_Sess04_FB031,0.34860212
S05_Sess04_FB032,0.387765
S05_Sess04_FB033,0.60157365
S05_Sess04_FB034,0.56147707
S05_Sess04_FB035,0.31944358
S05_Sess04_FB036,0.4988889
S05_Sess04_FB037,0.24706519
S05_Sess04_FB038,0.3581968
S05_Sess04_FB039,0.21235985
S05_Sess04_FB040,0.08404273
S05_Sess04_FB041,0.35266858
S05_Sess04_FB042,0.516538
S05_Sess04_FB043,0.16490638
S05_Sess04_FB044,0.42388928
S05_Sess04_FB045,0.2683066
S05_Sess04_FB046,0.291664
S05_Sess04_FB047,0.53299534
S05_Sess04_FB048,0.3554805
S05_Sess04_FB049,0.2982489
S05_Sess04_FB050,0.13510215
S05_Sess04_FB051,0.44656605
S05_Sess04_FB052,0.12163526
S05_Sess04_FB053,0.4842704
S05_Sess04_FB054,0.19321108
S05_Sess04_FB055,0.11047411
S05_Sess04_FB056,0.36997426
S05_Sess04_FB057,0.32617366
S05_Sess04_FB058,0.25291818
S05_Sess04_FB059,0.5178331
S05_Sess04_FB060,0.53468025
S05_Sess05_FB001,0.3106259
S05_Sess05_FB002,0.41783828
S05_Sess05_FB003,0.47547513
S05_Sess05_FB004,0.37899584
S05_Sess05_FB005,0.3163277
S05_Sess05_FB006,0.38649243
S05_Sess05_FB007,0.38139957
S05_Sess05_FB008,0.47710502
S05_Sess05_FB009,0.49638253
S05_Sess05_FB010,0.57885367
S05_Sess05_FB011,0.44195205
S05_Sess05_FB012,0.33814222
S05_Sess05_FB013,0.30387402
S05_Sess05_FB014,0.5419768
S05_Sess05_FB015,0.36547178
S05_Sess05_FB016,0.27568257
S05_Sess05_FB017,0.32824832
S05_Sess05_FB018,0.34101683
S05_Sess05_FB019,0.50124264
S05_Sess05_FB020,0.37145716
S05_Sess05_FB021,0.3751403
S05_Sess05_FB022,0.15844554
S05_Sess05_FB023,0.2620486
S05_Sess05_FB024,0.4079736
S05_Sess05_FB025,0.26687938
S05_Sess05_FB026,0.3335206
S05_Sess05_FB027,0.43376946
S05_Sess05_FB028,0.34224337
S05_Sess05_FB029,0.25115716
S05_Sess05_FB030,0.40416497
S05_Sess05_FB031,0.5658889
S05_Sess05_FB032,0.48119986
S05_Sess05_FB033,0.37124312
S05_Sess05_FB034,0.18195719
S05_Sess05_FB035,0.43858528
S05_Sess05_FB036,0.58023036
S05_Sess05_FB037,0.26177776
S05_Sess05_FB038,0.34874713
S05_Sess05_FB039,0.42726815
S05_Sess05_FB040,0.33927476
S05_Sess05_FB041,0.5199814
S05_Sess05_FB042,0.43984693
S05_Sess05_FB043,0.31963414
S05_Sess05_FB044,0.27428514
S05_Sess05_FB045,0.34696925
S05_Sess05_FB046,0.50734013
S05_Sess05_FB047,0.3391562
S05_Sess05_FB048,0.26874936
S05_Sess05_FB049,0.37468308
S05_Sess05_FB050,0.39386225
S05_Sess05_FB051,0.32231867
S05_Sess05_FB052,0.2654389
S05_Sess05_FB053,0.2596528
S05_Sess05_FB054,0.6296252
S05_Sess05_FB055,0.3583911
S05_Sess05_FB056,0.47594267
S05_Sess05_FB057,0.5345198
S05_Sess05_FB058,0.51336163
S05_Sess05_FB059,0.32311022
S05_Sess05_FB060,0.5774785
S05_Sess05_FB061,0.23855627
S05_Sess05_FB062,0.36844724
S05_Sess05_FB063,0.42762756
S05_Sess05_FB064,0.5914162
S05_Sess05_FB065,0.21917713
S05_Sess05_FB066,0.2882747
S05_Sess05_FB067,0.11368537
S05_Sess05_FB068,0.44616336
S05_Sess05_FB069,0.25625712
S05_Sess05_FB070,0.37941903
S05_Sess05_FB071,0.39704418
S05_Sess05_FB072,0.35252982
S05_Sess05_FB073,0.4919188
S05_Sess05_FB074,0.33326697
S05_Sess05_FB075,0.16480905
S05_Sess05_FB076,0.2168796
S05_Sess05_FB077,0.28684294
S05_Sess05_FB078,0.3891868
S05_Sess05_FB079,0.42915303
S05_Sess05_FB080,0.4118353
S05_Sess05_FB081,0.41487247
S05_Sess05_FB082,0.34755188
S05_Sess05_FB083,0.5095674
S05_Sess05_FB084,0.43332314
S05_Sess05_FB085,0.5278866
S05_Sess05_FB086,0.34625834
S05_Sess05_FB087,0.28332758
S05_Sess05_FB088,0.17574412
S05_Sess05_FB089,0.29216152
S05_Sess05_FB090,0.31177408
S05_Sess05_FB091,0.4114033
S05_Sess05_FB092,0.36773497
S05_Sess05_FB093,0.34266603
S05_Sess05_FB094,0.3353153
S05_Sess05_FB095,0.45020223
S05_Sess05_FB096,0.54249656
S05_Sess05_FB097,0.31096148
S05_Sess05_FB098,0.42307925
S05_Sess05_FB099,0.2162177
S05_Sess05_FB100,0.36566448
S08_Sess01_FB001,0.3815701
S08_Sess01_FB002,0.4916684
S08_Sess01_FB003,0.3696292
S08_Sess01_FB004,0.6061814
S08_Sess01_FB005,0.42543674
S08_Sess01_FB006,0.22212702
S08_Sess01_FB007,0.54039633
S08_Sess01_FB008,0.4779874
S08_Sess01_FB009,0.5044409
S08_Sess01_FB010,0.23778188
S08_Sess01_FB011,0.36968988
S08_Sess01_FB012,0.21323079
S08_Sess01_FB013,0.3779285
S08_Sess01_FB014,0.3809777
S08_Sess01_FB015,0.33460957
S08_Sess01_FB016,0.36337912
S08_Sess01_FB017,0.46101344
S08_Sess01_FB018,0.2019763
S08_Sess01_FB019,0.34866738
S08_Sess01_FB020,0.39912993
S08_Sess01_FB021,0.37935233
S08_Sess01_FB022,0.2665037
S08_Sess01_FB023,0.3820989
S08_Sess01_FB024,0.35322422
S08_Sess01_FB025,0.43416476
S08_Sess01_FB026,0.24303454
S08_Sess01_FB027,0.4921866
S08_Sess01_FB028,0.49061316
S08_Sess01_FB029,0.42806965
S08_Sess01_FB030,0.36266124
S08_Sess01_FB031,0.4607587
S08_Sess01_FB032,0.41565824
S08_Sess01_FB033,0.55279887
S08_Sess01_FB034,0.4747153
S08_Sess01_FB035,0.23296899
S08_Sess01_FB036,0.46282202
S08_Sess01_FB037,0.3554116
S08_Sess01_FB038,0.28233927
S08_Sess01_FB039,0.382293
S08_Sess01_FB040,0.22882897
S08_Sess01_FB041,0.47077698
S08_Sess01_FB042,0.46710992
S08_Sess01_FB043,0.4454813
S08_Sess01_FB044,0.4806825
S08_Sess01_FB045,0.19931918
S08_Sess01_FB046,0.22175312
S08_Sess01_FB047,0.35854435
S08_Sess01_FB048,0.5235268
S08_Sess01_FB049,0.2421459
S08_Sess01_FB050,0.427531
S08_Sess01_FB051,0.6388571
S08_Sess01_FB052,0.48615587
S08_Sess01_FB053,0.28082025
S08_Sess01_FB054,0.31549138
S08_Sess01_FB055,0.41652155
S08_Sess01_FB056,0.43230164
S08_Sess01_FB057,0.24126983
S08_Sess01_FB058,0.42177916
S08_Sess01_FB059,0.36478806
S08_Sess01_FB060,0.20162505
S08_Sess02_FB001,0.61959773
S08_Sess02_FB002,0.43650717
S08_Sess02_FB003,0.4764318
S08_Sess02_FB004,0.29982805
S08_Sess02_FB005,0.19026893
S08_Sess02_FB006,0.3933391
S08_Sess02_FB007,0.43748444
S08_Sess02_FB008,0.47209263
S08_Sess02_FB009,0.48429453
S08_Sess02_FB010,0.51798487
S08_Sess02_FB011,0.4661718
S08_Sess02_FB012,0.46404684
S08_Sess02_FB013,0.38684344
S08_Sess02_FB014,0.28701764
S08_Sess02_FB015,0.3175887
S08_Sess02_FB016,0.33342344
S08_Sess02_FB017,0.41227067
S08_Sess02_FB018,0.50617087
S08_Sess02_FB019,0.31931448
S08_Sess02_FB020,0.42145228
S08_Sess02_FB021,0.671094
S08_Sess02_FB022,0.44802415
S08_Sess02_FB023,0.40942413
S08_Sess02_FB024,0.43030375
S08_Sess02_FB025,0.39573014
S08_Sess02_FB026,0.24580938
S08_Sess02_FB027,0.27594304
S08_Sess02_FB028,0.34797585
S08_Sess02_FB029,0.29757547
S08_Sess02_FB030,0.353298
S08_Sess02_FB031,0.3932597
S08_Sess02_FB032,0.38696456
S08_Sess02_FB033,0.519743
S08_Sess02_FB034,0.41662824
S08_Sess02_FB035,0.30101192
S08_Sess02_FB036,0.26075065
S08_Sess02_FB037,0.46720225
S08_Sess02_FB038,0.4147784
S08_Sess02_FB039,0.6052799
S08_Sess02_FB040,0.53631556
S08_Sess02_FB041,0.24654591
S08_Sess02_FB042,0.35572785
S08_Sess02_FB043,0.5151535
S08_Sess02_FB044,0.3722118
S08_Sess02_FB045,0.5718905
S08_Sess02_FB046,0.19238621
S08_Sess02_FB047,0.5058352
S08_Sess02_FB048,0.23406488
S08_Sess02_FB049,0.23607838
S08_Sess02_FB050,0.6030859
S08_Sess02_FB051,0.41818428
S08_Sess02_FB052,0.63702786
S08_Sess02_FB053,0.44540155
S08_Sess02_FB054,0.4129913
S08_Sess02_FB055,0.2917608
S08_Sess02_FB056,0.23594391
S08_Sess02_FB057,0.41359645
S08_Sess02_FB058,0.43626225
S08_Sess02_FB059,0.5045436
S08_Sess02_FB060,0.44864917
S08_Sess03_FB001,0.46463925
S08_Sess03_FB002,0.5726003
S08_Sess03_FB003,0.39316946
S08_Sess03_FB004,0.32839543
S08_Sess03_FB005,0.483967
S08_Sess03_FB006,0.4164036
S08_Sess03_FB007,0.53959954
S08_Sess03_FB008,0.38368833
S08_Sess03_FB009,0.3295836
S08_Sess03_FB010,0.36625254
S08_Sess03_FB011,0.4114191
S08_Sess03_FB012,0.21972388
S08_Sess03_FB013,0.09526938
S08_Sess03_FB014,0.1513986
S08_Sess03_FB015,0.6793729
S08_Sess03_FB016,0.49963653
S08_Sess03_FB017,0.30386084
S08_Sess03_FB018,0.2744195
S08_Sess03_FB019,0.39639205
S08_Sess03_FB020,0.39632493
S08_Sess03_FB021,0.44570196
S08_Sess03_FB022,0.45318317
S08_Sess03_FB023,0.3646478
S08_Sess03_FB024,0.3331868
S08_Sess03_FB025,0.31837302
S08_Sess03_FB026,0.26439917
S08_Sess03_FB027,0.4211129
S08_Sess03_FB028,0.25215006
S08_Sess03_FB029,0.51722646
S08_Sess03_FB030,0.2532395
S08_Sess03_FB031,0.4226594
S08_Sess03_FB032,0.5719223
S08_Sess03_FB033,0.53512675
S08_Sess03_FB034,0.33657742
S08_Sess03_FB035,0.6084273
S08_Sess03_FB036,0.4708352
S08_Sess03_FB037,0.52821064
S08_Sess03_FB038,0.4821515
S08_Sess03_FB039,0.57915306
S08_Sess03_FB040,0.39750522
S08_Sess03_FB041,0.24629611
S08_Sess03_FB042,0.17887509
S08_Sess03_FB043,0.36421156
S08_Sess03_FB044,0.25079668
S08_Sess03_FB045,0.33006477
S08_Sess03_FB046,0.3508197
S08_Sess03_FB047,0.34377962
S08_Sess03_FB048,0.3914503
S08_Sess03_FB049,0.26884204
S08_Sess03_FB050,0.6114638
S08_Sess03_FB051,0.44773048
S08_Sess03_FB052,0.3699482
S08_Sess03_FB053,0.5639253
S08_Sess03_FB054,0.31000042
S08_Sess03_FB055,0.39755416
S08_Sess03_FB056,0.41201162
S08_Sess03_FB057,0.4666909
S08_Sess03_FB058,0.3419642
S08_Sess03_FB059,0.49179548
S08_Sess03_FB060,0.43484896
S08_Sess04_FB001,0.43843883
S08_Sess04_FB002,0.5753228
S08_Sess04_FB003,0.1803261
S08_Sess04_FB004,0.36133587
S08_Sess04_FB005,0.3717978
S08_Sess04_FB006,0.24839014
S08_Sess04_FB007,0.61736274
S08_Sess04_FB008,0.38288945
S08_Sess04_FB009,0.5406904
S08_Sess04_FB010,0.2974378
S08_Sess04_FB011,0.34640682
S08_Sess04_FB012,0.37846005
S08_Sess04_FB013,0.30251557
S08_Sess04_FB014,0.38275182
S08_Sess04_FB015,0.3770491
S08_Sess04_FB016,0.25704527
S08_Sess04_FB017,0.34274554
S08_Sess04_FB018,0.56524014
S08_Sess04_FB019,0.21181905
S08_Sess04_FB020,0.1950078
S08_Sess04_FB021,0.34719473
S08_Sess04_FB022,0.32136387
S08_Sess04_FB023,0.17985082
S08_Sess04_FB024,0.32740557
S08_Sess04_FB025,0.31832802
S08_Sess04_FB026,0.43308467
S08_Sess04_FB027,0.37624663
S08_Sess04_FB028,0.57891285
S08_Sess04_FB029,0.49427927
S08_Sess04_FB030,0.34758204
S08_Sess04_FB031,0.37186295
S08_Sess04_FB032,0.32701713
S08_Sess04_FB033,0.6847565
S08_Sess04_FB034,0.38056064
S08_Sess04_FB035,0.6818572
S08_Sess04_FB036,0.4106648
S08_Sess04_FB037,0.33233875
S08_Sess04_FB038,0.39320433
S08_Sess04_FB039,0.43655866
S08_Sess04_FB040,0.46468228
S08_Sess04_FB041,0.23536742
S08_Sess04_FB042,0.35326225
S08_Sess04_FB043,0.3482343
S08_Sess04_FB044,0.6176612
S08_Sess04_FB045,0.29157275
S08_Sess04_FB046,0.17640746
S08_Sess04_FB047,0.36045045
S08_Sess04_FB048,0.643813
S08_Sess04_FB049,0.29310387
S08_Sess04_FB050,0.38517576
S08_Sess04_FB051,0.3112508
S08_Sess04_FB052,0.43772918
S08_Sess04_FB053,0.49178058
S08_Sess04_FB054,0.5031532
S08_Sess04_FB055,0.5144869
S08_Sess04_FB056,0.40762162
S08_Sess04_FB057,0.6529529
S08_Sess04_FB058,0.47780204
S08_Sess04_FB059,0.4737479
S08_Sess04_FB060,0.41998237
S08_Sess05_FB001,0.27190894
S08_Sess05_FB002,0.31968218
S08_Sess05_FB003,0.44159174
S08_Sess05_FB004,0.19203997
S08_Sess05_FB005,0.28272277
S08_Sess05_FB006,0.52668047
S08_Sess05_FB007,0.27548492
S08_Sess05_FB008,0.4904526
S08_Sess05_FB009,0.42430824
S08_Sess05_FB010,0.22089958
S08_Sess05_FB011,0.2391169
S08_Sess05_FB012,0.56464773
S08_Sess05_FB013,0.44482243
S08_Sess05_FB014,0.61108655
S08_Sess05_FB015,0.4804389
S08_Sess05_FB016,0.38956022
S08_Sess05_FB017,0.24944305
S08_Sess05_FB018,0.52616537
S08_Sess05_FB019,0.28874815
S08_Sess05_FB020,0.7516268
S08_Sess05_FB021,0.60793185
S08_Sess05_FB022,0.58459723
S08_Sess05_FB023,0.35226655
S08_Sess05_FB024,0.32932073
S08_Sess05_FB025,0.53899693
S08_Sess05_FB026,0.4655568
S08_Sess05_FB027,0.29516107
S08_Sess05_FB028,0.40287
S08_Sess05_FB029,0.20693237
S08_Sess05_FB030,0.29847842
S08_Sess05_FB031,0.29166806
S08_Sess05_FB032,0.427114
S08_Sess05_FB033,0.3838395
S08_Sess05_FB034,0.36161947
S08_Sess05_FB035,0.46409637
S08_Sess05_FB036,0.5275327
S08_Sess05_FB037,0.2458548
S08_Sess05_FB038,0.43755776
S08_Sess05_FB039,0.56834954
S08_Sess05_FB040,0.539672
S08_Sess05_FB041,0.55038524
S08_Sess05_FB042,0.38768464
S08_Sess05_FB043,0.34018105
S08_Sess05_FB044,0.36386693
S08_Sess05_FB045,0.4228027
S08_Sess05_FB046,0.3250149
S08_Sess05_FB047,0.42563677
S08_Sess05_FB048,0.28639674
S08_Sess05_FB049,0.23667812
S08_Sess05_FB050,0.41872603
S08_Sess05_FB051,0.4288385
S08_Sess05_FB052,0.2995835
S08_Sess05_FB053,0.52369606
S08_Sess05_FB054,0.47689855
S08_Sess05_FB055,0.36986744
S08_Sess05_FB056,0.5055789
S08_Sess05_FB057,0.41470885
S08_Sess05_FB058,0.37214315
S08_Sess05_FB059,0.38323748
S08_Sess05_FB060,0.41326606
S08_Sess05_FB061,0.3209495
S08_Sess05_FB062,0.3596825
S08_Sess05_FB063,0.5070713
S08_Sess05_FB064,0.5306901
S08_Sess05_FB065,0.40940195
S08_Sess05_FB066,0.39286256
S08_Sess05_FB067,0.33938903
S08_Sess05_FB068,0.47125626
S08_Sess05_FB069,0.3436634
S08_Sess05_FB070,0.38239133
S08_Sess05_FB071,0.49366647
S08_Sess05_FB072,0.35262352
S08_Sess05_FB073,0.4283772
S08_Sess05_FB074,0.3447613
S08_Sess05_FB075,0.34921777
S08_Sess05_FB076,0.42015636
S08_Sess05_FB077,0.64429224
S08_Sess05_FB078,0.3672275
S08_Sess05_FB079,0.23527855
S08_Sess05_FB080,0.2550243
S08_Sess05_FB081,0.3630038
S08_Sess05_FB082,0.29973805
S08_Sess05_FB083,0.31606442
S08_Sess05_FB084,0.22539353
S08_Sess05_FB085,0.36648577
S08_Sess05_FB086,0.25607634
S08_Sess05_FB087,0.25842965
S08_Sess05_FB088,0.43257356
S08_Sess05_FB089,0.2907809
S08_Sess05_FB090,0.329759
S08_Sess05_FB091,0.29349822
S08_Sess05_FB092,0.14477235
S08_Sess05_FB093,0.4757769
S08_Sess05_FB094,0.43371075
S08_Sess05_FB095,0.58497053
S08_Sess05_FB096,0.44974536
S08_Sess05_FB097,0.6127237
S08_Sess05_FB098,0.42187297
S08_Sess05_FB099,0.23137927
S08_Sess05_FB100,0.37097925
S09_Sess01_FB001,0.31192315
S09_Sess01_FB002,0.35793543
S09_Sess01_FB003,0.3766399
S09_Sess01_FB004,0.5399109
S09_Sess01_FB005,0.22167832
S09_Sess01_FB006,0.5037404
S09_Sess01_FB007,0.6662444
S09_Sess01_FB008,0.42887366
S09_Sess01_FB009,0.52881074
S09_Sess01_FB010,0.34444344
S09_Sess01_FB011,0.38871533
S09_Sess01_FB012,0.51685524
S09_Sess01_FB013,0.44061714
S09_Sess01_FB014,0.5402349
S09_Sess01_FB015,0.5432619
S09_Sess01_FB016,0.48885363
S09_Sess01_FB017,0.43998134
S09_Sess01_FB018,0.59794074
S09_Sess01_FB019,0.23263687
S09_Sess01_FB020,0.34865332
S09_Sess01_FB021,0.4669178
S09_Sess01_FB022,0.5160074
S09_Sess01_FB023,0.588569
S09_Sess01_FB024,0.30629075
S09_Sess01_FB025,0.60091615
S09_Sess01_FB026,0.7175069
S09_Sess01_FB027,0.3221504
S09_Sess01_FB028,0.6180372
S09_Sess01_FB029,0.54751307
S09_Sess01_FB030,0.31440413
S09_Sess01_FB031,0.3419696
S09_Sess01_FB032,0.3316365
S09_Sess01_FB033,0.55079114
S09_Sess01_FB034,0.42939472
S09_Sess01_FB035,0.38289386
S09_Sess01_FB036,0.30441463
S09_Sess01_FB037,0.50855327
S09_Sess01_FB038,0.65267444
S09_Sess01_FB039,0.24201655
S09_Sess01_FB040,0.20452565
S09_Sess01_FB041,0.31517893
S09_Sess01_FB042,0.34112793
S09_Sess01_FB043,0.59437644
S09_Sess01_FB044,0.48680788
S09_Sess01_FB045,0.20345628
S09_Sess01_FB046,0.39407593
S09_Sess01_FB047,0.6123237
S09_Sess01_FB048,0.46036685
S09_Sess01_FB049,0.5501665
S09_Sess01_FB050,0.51214385
S09_Sess01_FB051,0.55863565
S09_Sess01_FB052,0.5225306
S09_Sess01_FB053,0.4169624
S09_Sess01_FB054,0.5861033
S09_Sess01_FB055,0.54948175
S09_Sess01_FB056,0.63343656
S09_Sess01_FB057,0.26573336
S09_Sess01_FB058,0.21512854
S09_Sess01_FB059,0.3536532
S09_Sess01_FB060,0.4304769
S09_Sess02_FB001,0.4367553
S09_Sess02_FB002,0.44831693
S09_Sess02_FB003,0.43337542
S09_Sess02_FB004,0.39760625
S09_Sess02_FB005,0.61434734
S09_Sess02_FB006,0.3946197
S09_Sess02_FB007,0.7057028
S09_Sess02_FB008,0.55651
S09_Sess02_FB009,0.6596404
S09_Sess02_FB010,0.7255026
S09_Sess02_FB011,0.5364082
S09_Sess02_FB012,0.6418675
S09_Sess02_FB013,0.52928865
S09_Sess02_FB014,0.57378155
S09_Sess02_FB015,0.46628243
S09_Sess02_FB016,0.57941175
S09_Sess02_FB017,0.30884266
S09_Sess02_FB018,0.31970054
S09_Sess02_FB019,0.4205259
S09_Sess02_FB020,0.43863344
S09_Sess02_FB021,0.6351563
S09_Sess02_FB022,0.67209506
S09_Sess02_FB023,0.6499774
S09_Sess02_FB024,0.44655532
S09_Sess02_FB025,0.6745381
S09_Sess02_FB026,0.527877
S09_Sess02_FB027,0.43175024
S09_Sess02_FB028,0.3101045
S09_Sess02_FB029,0.32823497
S09_Sess02_FB030,0.30420887
S09_Sess02_FB031,0.3768453
S09_Sess02_FB032,0.20395494
S09_Sess02_FB033,0.6861589
S09_Sess02_FB034,0.4280067
S09_Sess02_FB035,0.5108495
S09_Sess02_FB036,0.41003764
S09_Sess02_FB037,0.45544797
S09_Sess02_FB038,0.33753306
S09_Sess02_FB039,0.47500867
S09_Sess02_FB040,0.31004214
S09_Sess02_FB041,0.4354316
S09_Sess02_FB042,0.46504873
S09_Sess02_FB043,0.5871688
S09_Sess02_FB044,0.47713155
S09_Sess02_FB045,0.4959988
S09_Sess02_FB046,0.28514224
S09_Sess02_FB047,0.39813602
S09_Sess02_FB048,0.47983027
S09_Sess02_FB049,0.45608842
S09_Sess02_FB050,0.43866587
S09_Sess02_FB051,0.66503227
S09_Sess02_FB052,0.4612571
S09_Sess02_FB053,0.47393346
S09_Sess02_FB054,0.2649098
S09_Sess02_FB055,0.5161804
S09_Sess02_FB056,0.5285067
S09_Sess02_FB057,0.4196257
S09_Sess02_FB058,0.34508264
S09_Sess02_FB059,0.5130041
S09_Sess02_FB060,0.6137004
S09_Sess03_FB001,0.33239037
S09_Sess03_FB002,0.34516603
S09_Sess03_FB003,0.47245657
S09_Sess03_FB004,0.5812224
S09_Sess03_FB005,0.5470212
S09_Sess03_FB006,0.43273908
S09_Sess03_FB007,0.42855847
S09_Sess03_FB008,0.4566877
S09_Sess03_FB009,0.2739538
S09_Sess03_FB010,0.46443248
S09_Sess03_FB011,0.5015241
S09_Sess03_FB012,0.46699852
S09_Sess03_FB013,0.25946522
S09_Sess03_FB014,0.30468655
S09_Sess03_FB015,0.42977804
S09_Sess03_FB016,0.29979253
S09_Sess03_FB017,0.4312917
S09_Sess03_FB018,0.49914795
S09_Sess03_FB019,0.50274074
S09_Sess03_FB020,0.33272058
S09_Sess03_FB021,0.40989006
S09_Sess03_FB022,0.36134374
S09_Sess03_FB023,0.267312
S09_Sess03_FB024,0.5290719
S09_Sess03_FB025,0.5244273
S09_Sess03_FB026,0.38648254
S09_Sess03_FB027,0.40385032
S09_Sess03_FB028,0.42905837
S09_Sess03_FB029,0.44053322
S09_Sess03_FB030,0.4472943
S09_Sess03_FB031,0.46256745
S09_Sess03_FB032,0.5802021
S09_Sess03_FB033,0.51164603
S09_Sess03_FB034,0.29723966
S09_Sess03_FB035,0.3425082
S09_Sess03_FB036,0.16338724
S09_Sess03_FB037,0.32221365
S09_Sess03_FB038,0.40843332
S09_Sess03_FB039,0.31301594
S09_Sess03_FB040,0.6282379
S09_Sess03_FB041,0.4361683
S09_Sess03_FB042,0.39397418
S09_Sess03_FB043,0.47769845
S09_Sess03_FB044,0.52509
S09_Sess03_FB045,0.4224981
S09_Sess03_FB046,0.39063084
S09_Sess03_FB047,0.49043876
S09_Sess03_FB048,0.4473735
S09_Sess03_FB049,0.5014129
S09_Sess03_FB050,0.39573425
S09_Sess03_FB051,0.5485196
S09_Sess03_FB052,0.6456716
S09_Sess03_FB053,0.66086113
S09_Sess03_FB054,0.3823824
S09_Sess03_FB055,0.47133648
S09_Sess03_FB056,0.48048222
S09_Sess03_FB057,0.4306081
S09_Sess03_FB058,0.50738907
S09_Sess03_FB059,0.48479235
S09_Sess03_FB060,0.37421805
S09_Sess04_FB001,0.47875673
S09_Sess04_FB002,0.4040743
S09_Sess04_FB003,0.40632498
S09_Sess04_FB004,0.5858805
S09_Sess04_FB005,0.3070553
S09_Sess04_FB006,0.59075475
S09_Sess04_FB007,0.5227615
S09_Sess04_FB008,0.41129822
S09_Sess04_FB009,0.35098028
S09_Sess04_FB010,0.55260026
S09_Sess04_FB011,0.45025027
S09_Sess04_FB012,0.5820056
S09_Sess04_FB013,0.44856346
S09_Sess04_FB014,0.66870326
S09_Sess04_FB015,0.56096065
S09_Sess04_FB016,0.5969527
S09_Sess04_FB017,0.5132861
S09_Sess04_FB018,0.3606817
S09_Sess04_FB019,0.50137913
S09_Sess04_FB020,0.2940973
S09_Sess04_FB021,0.38647288
S09_Sess04_FB022,0.70408094
S09_Sess04_FB023,0.47031975
S09_Sess04_FB024,0.67990494
S09_Sess04_FB025,0.62123877
S09_Sess04_FB026,0.4605621
S09_Sess04_FB027,0.5892471
S09_Sess04_FB028,0.69318116
S09_Sess04_FB029,0.6643766
S09_Sess04_FB030,0.4743001
S09_Sess04_FB031,0.55352443
S09_Sess04_FB032,0.46518087
S09_Sess04_FB033,0.40634245
S09_Sess04_FB034,0.3729366
S09_Sess04_FB035,0.4280622
S09_Sess04_FB036,0.49145824
S09_Sess04_FB037,0.57540387
S09_Sess04_FB038,0.48679745
S09_Sess04_FB039,0.30466425
S09_Sess04_FB040,0.3849234
S09_Sess04_FB041,0.361342
S09_Sess04_FB042,0.32737207
S09_Sess04_FB043,0.28373903
S09_Sess04_FB044,0.21701634
S09_Sess04_FB045,0.4694422
S09_Sess04_FB046,0.36038327
S09_Sess04_FB047,0.488707
S09_Sess04_FB048,0.4650386
S09_Sess04_FB049,0.42798382
S09_Sess04_FB050,0.33053946
S09_Sess04_FB051,0.5723804
S09_Sess04_FB052,0.6229538
S09_Sess04_FB053,0.29569775
S09_Sess04_FB054,0.5076293
S09_Sess04_FB055,0.34133607
S09_Sess04_FB056,0.44030702
S09_Sess04_FB057,0.6829494
S09_Sess04_FB058,0.43563366
S09_Sess04_FB059,0.41032118
S09_Sess04_FB060,0.409622
S09_Sess05_FB001,0.57944155
S09_Sess05_FB002,0.64823604
S09_Sess05_FB003,0.418083
S09_Sess05_FB004,0.6348561
S09_Sess05_FB005,0.5683186
S09_Sess05_FB006,0.47382993
S09_Sess05_FB007,0.5997976
S09_Sess05_FB008,0.38623548
S09_Sess05_FB009,0.6647115
S09_Sess05_FB010,0.42518795
S09_Sess05_FB011,0.39172387
S09_Sess05_FB012,0.42881656
S09_Sess05_FB013,0.4045475
S09_Sess05_FB014,0.63433737
S09_Sess05_FB015,0.5590149
S09_Sess05_FB016,0.5750724
S09_Sess05_FB017,0.3179134
S09_Sess05_FB018,0.44349968
S09_Sess05_FB019,0.47842008
S09_Sess05_FB020,0.51518923
S09_Sess05_FB021,0.46372533
S09_Sess05_FB022,0.4234261
S09_Sess05_FB023,0.5440999
S09_Sess05_FB024,0.4909833
S09_Sess05_FB025,0.74660695
S09_Sess05_FB026,0.46195114
S09_Sess05_FB027,0.4469161
S09_Sess05_FB028,0.46855122
S09_Sess05_FB029,0.5426844
S09_Sess05_FB030,0.57908195
S09_Sess05_FB031,0.5441277
S09_Sess05_FB032,0.52773595
S09_Sess05_FB033,0.41097265
S09_Sess05_FB034,0.43902326
S09_Sess05_FB035,0.60101926
S09_Sess05_FB036,0.72394776
S09_Sess05_FB037,0.458027
S09_Sess05_FB038,0.39319605
S09_Sess05_FB039,0.47771072
S09_Sess05_FB040,0.23941511
S09_Sess05_FB041,0.4767232
S09_Sess05_FB042,0.20682544
S09_Sess05_FB043,0.6039237
S09_Sess05_FB044,0.32791358
S09_Sess05_FB045,0.7184634
S09_Sess05_FB046,0.6139673
S09_Sess05_FB047,0.4489047
S09_Sess05_FB048,0.5350306
S09_Sess05_FB049,0.5424083
S09_Sess05_FB050,0.49149972
S09_Sess05_FB051,0.28361964
S09_Sess05_FB052,0.3237784
S09_Sess05_FB053,0.36262918
S09_Sess05_FB054,0.43426323
S09_Sess05_FB055,0.36792105
S09_Sess05_FB056,0.3822949
S09_Sess05_FB057,0.45443296
S09_Sess05_FB058,0.46301842
S09_Sess05_FB059,0.28705668
S09_Sess05_FB060,0.43956876
S09_Sess05_FB061,0.5547135
S09_Sess05_FB062,0.738229
S09_Sess05_FB063,0.48062015
S09_Sess05_FB064,0.46404922
S09_Sess05_FB065,0.65748715
S09_Sess05_FB066,0.48710746
S09_Sess05_FB067,0.47714698
S09_Sess05_FB068,0.5146719
S09_Sess05_FB069,0.40047312
S09_Sess05_FB070,0.6172078
S09_Sess05_FB071,0.45351052
S09_Sess05_FB072,0.5506732
S09_Sess05_FB073,0.48427737
S09_Sess05_FB074,0.26930135
S09_Sess05_FB075,0.43196255
S09_Sess05_FB076,0.6951072
S09_Sess05_FB077,0.5347856
S09_Sess05_FB078,0.35650098
S09_Sess05_FB079,0.51044047
S09_Sess05_FB080,0.43500656
S09_Sess05_FB081,0.5184585
S09_Sess05_FB082,0.40430582
S09_Sess05_FB083,0.50505924
S09_Sess05_FB084,0.6732774
S09_Sess05_FB085,0.5182174
S09_Sess05_FB086,0.3308066
S09_Sess05_FB087,0.6198425
S09_Sess05_FB088,0.60538685
S09_Sess05_FB089,0.5902896
S09_Sess05_FB090,0.55956334
S09_Sess05_FB091,0.5636698
S09_Sess05_FB092,0.49352515
S09_Sess05_FB093,0.6215021
S09_Sess05_FB094,0.6854526
S09_Sess05_FB095,0.63723326
S09_Sess05_FB096,0.6269812
S09_Sess05_FB097,0.6169243
S09_Sess05_FB098,0.37745124
S09_Sess05_FB099,0.7950305
S09_Sess05_FB100,0.45845217
S10_Sess01_FB001,0.41212434
S10_Sess01_FB002,0.7151488
S10_Sess01_FB003,0.47442853
S10_Sess01_FB004,0.2874744
S10_Sess01_FB005,0.4318679
S10_Sess01_FB006,0.5316793
S10_Sess01_FB007,0.5181367
S10_Sess01_FB008,0.30546778
S10_Sess01_FB009,0.30003077
S10_Sess01_FB010,0.39564604
S10_Sess01_FB011,0.28102696
S10_Sess01_FB012,0.4756844
S10_Sess01_FB013,0.48181403
S10_Sess01_FB014,0.47751993
S10_Sess01_FB015,0.21369606
S10_Sess01_FB016,0.25362015
S10_Sess01_FB017,0.25423616
S10_Sess01_FB018,0.26530015
S10_Sess01_FB019,0.34202302
S10_Sess01_FB020,0.39680803
S10_Sess01_FB021,0.38354218
S10_Sess01_FB022,0.5198354
S10_Sess01_FB023,0.47026068
S10_Sess01_FB024,0.5630472
S10_Sess01_FB025,0.28508705
S10_Sess01_FB026,0.21262509
S10_Sess01_FB027,0.40404534
S10_Sess01_FB028,0.2781421
S10_Sess01_FB029,0.42248225
S10_Sess01_FB030,0.39677536
S10_Sess01_FB031,0.41175216
S10_Sess01_FB032,0.37224054
S10_Sess01_FB033,0.17774475
S10_Sess01_FB034,0.12866962
S10_Sess01_FB035,0.22659165
S10_Sess01_FB036,0.5345173
S10_Sess01_FB037,0.37929124
S10_Sess01_FB038,0.32786614
S10_Sess01_FB039,0.3354978
S10_Sess01_FB040,0.3460797
S10_Sess01_FB041,0.2520898
S10_Sess01_FB042,0.35127926
S10_Sess01_FB043,0.37020534
S10_Sess01_FB044,0.3003698
S10_Sess01_FB045,0.34108728
S10_Sess01_FB046,0.4242289
S10_Sess01_FB047,0.10518795
S10_Sess01_FB048,0.14607722
S10_Sess01_FB049,0.4508633
S10_Sess01_FB050,0.14561868
S10_Sess01_FB051,0.68140805
S10_Sess01_FB052,0.2404831
S10_Sess01_FB053,0.3603269
S10_Sess01_FB054,0.29046202
S10_Sess01_FB055,0.37943208
S10_Sess01_FB056,0.15385097
S10_Sess01_FB057,0.38224816
S10_Sess01_FB058,0.29734027
S10_Sess01_FB059,0.35178548
S10_Sess01_FB060,0.30908167
S10_Sess02_FB001,0.2090506
S10_Sess02_FB002,0.24219453
S10_Sess02_FB003,0.15937573
S10_Sess02_FB004,0.36681056
S10_Sess02_FB005,0.600798
S10_Sess02_FB006,0.6533681
S10_Sess02_FB007,0.43303066
S10_Sess02_FB008,0.3493694
S10_Sess02_FB009,0.23465133
S10_Sess02_FB010,0.21469557
S10_Sess02_FB011,0.43029112
S10_Sess02_FB012,0.40068728
S10_Sess02_FB013,0.6725314
S10_Sess02_FB014,0.53904486
S10_Sess02_FB015,0.5695836
S10_Sess02_FB016,0.46186894
S10_Sess02_FB017,0.5696502
S10_Sess02_FB018,0.2345959
S10_Sess02_FB019,0.45972562
S10_Sess02_FB020,0.44315845
S10_Sess02_FB021,0.35351044
S10_Sess02_FB022,0.47429538
S10_Sess02_FB023,0.63294184
S10_Sess02_FB024,0.53908753
S10_Sess02_FB025,0.40437913
S10_Sess02_FB026,0.43103898
S10_Sess02_FB027,0.5539686
S10_Sess02_FB028,0.504532
S10_Sess02_FB029,0.36691308
S10_Sess02_FB030,0.4252845
S10_Sess02_FB031,0.25116366
S10_Sess02_FB032,0.48749262
S10_Sess02_FB033,0.30112976
S10_Sess02_FB034,0.35329098
S10_Sess02_FB035,0.39442027
S10_Sess02_FB036,0.54096687
S10_Sess02_FB037,0.4088763
S10_Sess02_FB038,0.5067711
S10_Sess02_FB039,0.53982204
S10_Sess02_FB040,0.26024652
S10_Sess02_FB041,0.18521315
S10_Sess02_FB042,0.40148044
S10_Sess02_FB043,0.32990968
S10_Sess02_FB044,0.36932236
S10_Sess02_FB045,0.16588986
S10_Sess02_FB046,0.24257058
S10_Sess02_FB047,0.21674395
S10_Sess02_FB048,0.5324904
S10_Sess02_FB049,0.29965693
S10_Sess02_FB050,0.3835346
S10_Sess02_FB051,0.52791107
S10_Sess02_FB052,0.32227647
S10_Sess02_FB053,0.19323558
S10_Sess02_FB054,0.49355704
S10_Sess02_FB055,0.5586176
S10_Sess02_FB056,0.4398021
S10_Sess02_FB057,0.6075372
S10_Sess02_FB058,0.57321906
S10_Sess02_FB059,0.43406773
S10_Sess02_FB060,0.42403382
S10_Sess03_FB001,0.6130402
S10_Sess03_FB002,0.15870494
S10_Sess03_FB003,0.29166567
S10_Sess03_FB004,0.36342096
S10_Sess03_FB005,0.51507473
S10_Sess03_FB006,0.43928862
S10_Sess03_FB007,0.44148815
S10_Sess03_FB008,0.5221923
S10_Sess03_FB009,0.42088383
S10_Sess03_FB010,0.38615257
S10_Sess03_FB011,0.404702
S10_Sess03_FB012,0.36477774
S10_Sess03_FB013,0.28305006
S10_Sess03_FB014,0.45326632
S10_Sess03_FB015,0.28661776
S10_Sess03_FB016,0.4379959
S10_Sess03_FB017,0.31972378
S10_Sess03_FB018,0.3327911
S10_Sess03_FB019,0.32821345
S10_Sess03_FB020,0.404931
S10_Sess03_FB021,0.55750555
S10_Sess03_FB022,0.3797434
S10_Sess03_FB023,0.34073025
S10_Sess03_FB024,0.21590215
S10_Sess03_FB025,0.45094806
S10_Sess03_FB026,0.52651036
S10_Sess03_FB027,0.33457434
S10_Sess03_FB028,0.4942556
S10_Sess03_FB029,0.28080785
S10_Sess03_FB030,0.33032006
S10_Sess03_FB031,0.40352088
S10_Sess03_FB032,0.618111
S10_Sess03_FB033,0.6458595
S10_Sess03_FB034,0.2649501
S10_Sess03_FB035,0.66251445
S10_Sess03_FB036,0.3655424
S10_Sess03_FB037,0.60253376
S10_Sess03_FB038,0.27795035
S10_Sess03_FB039,0.4508857
S10_Sess03_FB040,0.56644666
S10_Sess03_FB041,0.31909955
S10_Sess03_FB042,0.6934818
S10_Sess03_FB043,0.3658306
S10_Sess03_FB044,0.63467276
S10_Sess03_FB045,0.5463931
S10_Sess03_FB046,0.60244334
S10_Sess03_FB047,0.53330356
S10_Sess03_FB048,0.26706833
S10_Sess03_FB049,0.24033183
S10_Sess03_FB050,0.46105033
S10_Sess03_FB051,0.25011605
S10_Sess03_FB052,0.16851479
S10_Sess03_FB053,0.31666034
S10_Sess03_FB054,0.35052687
S10_Sess03_FB055,0.25583124
S10_Sess03_FB056,0.23128843
S10_Sess03_FB057,0.44394672
S10_Sess03_FB058,0.37117714
S10_Sess03_FB059,0.21309286
S10_Sess03_FB060,0.37738055
S10_Sess04_FB001,0.38822752
S10_Sess04_FB002,0.42488515
S10_Sess04_FB003,0.22300452
S10_Sess04_FB004,0.594743
S10_Sess04_FB005,0.33672673
S10_Sess04_FB006,0.38875854
S10_Sess04_FB007,0.36440617
S10_Sess04_FB008,0.2754202
S10_Sess04_FB009,0.44617492
S10_Sess04_FB010,0.34069324
S10_Sess04_FB011,0.34521842
S10_Sess04_FB012,0.54930735
S10_Sess04_FB013,0.37555158
S10_Sess04_FB014,0.329732
S10_Sess04_FB015,0.5947133
S10_Sess04_FB016,0.2969095
S10_Sess04_FB017,0.23955125
S10_Sess04_FB018,0.68812865
S10_Sess04_FB019,0.2964741
S10_Sess04_FB020,0.2398324
S10_Sess04_FB021,0.38303584
S10_Sess04_FB022,0.12731278
S10_Sess04_FB023,0.4110418
S10_Sess04_FB024,0.3744101
S10_Sess04_FB025,0.42519736
S10_Sess04_FB026,0.21514434
S10_Sess04_FB027,0.3273794
S10_Sess04_FB028,0.37927765
S10_Sess04_FB029,0.35098642
S10_Sess04_FB030,0.3879608
S10_Sess04_FB031,0.28354913
S10_Sess04_FB032,0.4666751
S10_Sess04_FB033,0.30804926
S10_Sess04_FB034,0.355155
S10_Sess04_FB035,0.3624859
S10_Sess04_FB036,0.20036894
S10_Sess04_FB037,0.23774368
S10_Sess04_FB038,0.5496001
S10_Sess04_FB039,0.4477496
S10_Sess04_FB040,0.3689683
S10_Sess04_FB041,0.63099813
S10_Sess04_FB042,0.6610264
S10_Sess04_FB043,0.33540648
S10_Sess04_FB044,0.40274262
S10_Sess04_FB045,0.57962346
S10_Sess04_FB046,0.12172514
S10_Sess04_FB047,0.28331268
S10_Sess04_FB048,0.3863721
S10_Sess04_FB049,0.20868242
S10_Sess04_FB050,0.30636203
S10_Sess04_FB051,0.60144365
S10_Sess04_FB052,0.27735013
S10_Sess04_FB053,0.53293306
S10_Sess04_FB054,0.13601941
S10_Sess04_FB055,0.40663052
S10_Sess04_FB056,0.40566725
S10_Sess04_FB057,0.3383788
S10_Sess04_FB058,0.31021893
S10_Sess04_FB059,0.34574896
S10_Sess04_FB060,0.49612498
S10_Sess05_FB001,0.5476006
S10_Sess05_FB002,0.47866613
S10_Sess05_FB003,0.46900856
S10_Sess05_FB004,0.43649054
S10_Sess05_FB005,0.46023726
S10_Sess05_FB006,0.6583594
S10_Sess05_FB007,0.6206537
S10_Sess05_FB008,0.5356484
S10_Sess05_FB009,0.34292775
S10_Sess05_FB010,0.41270244
S10_Sess05_FB011,0.5332415
S10_Sess05_FB012,0.20772588
S10_Sess05_FB013,0.29086077
S10_Sess05_FB014,0.5892588
S10_Sess05_FB015,0.538414
S10_Sess05_FB016,0.5320469
S10_Sess05_FB017,0.38415974
S10_Sess05_FB018,0.39906913
S10_Sess05_FB019,0.4140541
S10_Sess05_FB020,0.5567748
S10_Sess05_FB021,0.5880482
S10_Sess05_FB022,0.7240715
S10_Sess05_FB023,0.62082213
S10_Sess05_FB024,0.34961867
S10_Sess05_FB025,0.3870399
S10_Sess05_FB026,0.38472062
S10_Sess05_FB027,0.38384616
S10_Sess05_FB028,0.24834758
S10_Sess05_FB029,0.33010018
S10_Sess05_FB030,0.4894293
S10_Sess05_FB031,0.34265184
S10_Sess05_FB032,0.4854446
S10_Sess05_FB033,0.49637347
S10_Sess05_FB034,0.33349264
S10_Sess05_FB035,0.43360114
S10_Sess05_FB036,0.53091455
S10_Sess05_FB037,0.44439733
S10_Sess05_FB038,0.30024654
S10_Sess05_FB039,0.5246771
S10_Sess05_FB040,0.35019726
S10_Sess05_FB041,0.4462477
S10_Sess05_FB042,0.48981518
S10_Sess05_FB043,0.5915985
S10_Sess05_FB044,0.67365664
S10_Sess05_FB045,0.5793151
S10_Sess05_FB046,0.40164328
S10_Sess05_FB047,0.44619513
S10_Sess05_FB048,0.51988596
S10_Sess05_FB049,0.48714823
S10_Sess05_FB050,0.6414855
S10_Sess05_FB051,0.3115263
S10_Sess05_FB052,0.56889564
S10_Sess05_FB053,0.48180693
S10_Sess05_FB054,0.420269
S10_Sess05_FB055,0.18790787
S10_Sess05_FB056,0.5438409
S10_Sess05_FB057,0.27107847
S10_Sess05_FB058,0.5594766
S10_Sess05_FB059,0.36695665
S10_Sess05_FB060,0.5954665
S10_Sess05_FB061,0.58193755
S10_Sess05_FB062,0.34481722
S10_Sess05_FB063,0.46241093
S10_Sess05_FB064,0.36012936
S10_Sess05_FB065,0.45462668
S10_Sess05_FB066,0.55437016
S10_Sess05_FB067,0.32775414
S10_Sess05_FB068,0.40052462
S10_Sess05_FB069,0.6197921
S10_Sess05_FB070,0.53093
S10_Sess05_FB071,0.3237728
S10_Sess05_FB072,0.37974232
S10_Sess05_FB073,0.3144198
S10_Sess05_FB074,0.2760656
S10_Sess05_FB075,0.44463563
S10_Sess05_FB076,0.47321278
S10_Sess05_FB077,0.5671005
S10_Sess05_FB078,0.39318466
S10_Sess05_FB079,0.40054286
S10_Sess05_FB080,0.34398758
S10_Sess05_FB081,0.51679176
S10_Sess05_FB082,0.51518893
S10_Sess05_FB083,0.4239804
S10_Sess05_FB084,0.39887697
S10_Sess05_FB085,0.54353607
S10_Sess05_FB086,0.49947572
S10_Sess05_FB087,0.57118785
S10_Sess05_FB088,0.28781712
S10_Sess05_FB089,0.27500802
S10_Sess05_FB090,0.2423876
S10_Sess05_FB091,0.16532338
S10_Sess05_FB092,0.5295539
S10_Sess05_FB093,0.23650932
S10_Sess05_FB094,0.45875865
S10_Sess05_FB095,0.5485351
S10_Sess05_FB096,0.41011924
S10_Sess05_FB097,0.6481986
S10_Sess05_FB098,0.23673445
S10_Sess05_FB099,0.44908488
S10_Sess05_FB100,0.623299
S15_Sess01_FB001,0.48698622
S15_Sess01_FB002,0.51124805
S15_Sess01_FB003,0.4073189
S15_Sess01_FB004,0.5523494
S15_Sess01_FB005,0.5486475
S15_Sess01_FB006,0.37513024
S15_Sess01_FB007,0.65474033
S15_Sess01_FB008,0.2618497
S15_Sess01_FB009,0.34352726
S15_Sess01_FB010,0.46181464
S15_Sess01_FB011,0.4050386
S15_Sess01_FB012,0.26473486
S15_Sess01_FB013,0.7269662
S15_Sess01_FB014,0.52837706
S15_Sess01_FB015,0.24500465
S15_Sess01_FB016,0.4764437
S15_Sess01_FB017,0.49856573
S15_Sess01_FB018,0.56519276
S15_Sess01_FB019,0.25298035
S15_Sess01_FB020,0.42992914
S15_Sess01_FB021,0.33297837
S15_Sess01_FB022,0.42394477
S15_Sess01_FB023,0.4350834
S15_Sess01_FB024,0.41992247
S15_Sess01_FB025,0.4360636
S15_Sess01_FB026,0.3061958
S15_Sess01_FB027,0.27741396
S15_Sess01_FB028,0.4747907
S15_Sess01_FB029,0.52172285
S15_Sess01_FB030,0.39476693
S15_Sess01_FB031,0.3576532
S15_Sess01_FB032,0.47749794
S15_Sess01_FB033,0.6463901
S15_Sess01_FB034,0.5147546
S15_Sess01_FB035,0.55465055
S15_Sess01_FB036,0.17516989
S15_Sess01_FB037,0.3122238
S15_Sess01_FB038,0.48407465
S15_Sess01_FB039,0.33628422
S15_Sess01_FB040,0.3601151
S15_Sess01_FB041,0.39075112
S15_Sess01_FB042,0.6287979
S15_Sess01_FB043,0.23731351
S15_Sess01_FB044,0.40681058
S15_Sess01_FB045,0.3120582
S15_Sess01_FB046,0.6180028
S15_Sess01_FB047,0.5838308
S15_Sess01_FB048,0.29161292
S15_Sess01_FB049,0.45863807
S15_Sess01_FB050,0.4642902
S15_Sess01_FB051,0.6473817
S15_Sess01_FB052,0.35306424
S15_Sess01_FB053,0.33513165
S15_Sess01_FB054,0.29598576
S15_Sess01_FB055,0.39703548
S15_Sess01_FB056,0.49460226
S15_Sess01_FB057,0.4758675
S15_Sess01_FB058,0.50491214
S15_Sess01_FB059,0.25230533
S15_Sess01_FB060,0.6695329
S15_Sess02_FB001,0.34998113
S15_Sess02_FB002,0.5841439
S15_Sess02_FB003,0.4801103
S15_Sess02_FB004,0.6682643
S15_Sess02_FB005,0.42757243
S15_Sess02_FB006,0.45865965
S15_Sess02_FB007,0.5979098
S15_Sess02_FB008,0.39047056
S15_Sess02_FB009,0.5002289
S15_Sess02_FB010,0.44750446
S15_Sess02_FB011,0.22055584
S15_Sess02_FB012,0.36719412
S15_Sess02_FB013,0.64472246
S15_Sess02_FB014,0.59808064
S15_Sess02_FB015,0.33278513
S15_Sess02_FB016,0.450783
S15_Sess02_FB017,0.2230593
S15_Sess02_FB018,0.499808
S15_Sess02_FB019,0.52394605
S15_Sess02_FB020,0.62080526
S15_Sess02_FB021,0.58053136
S15_Sess02_FB022,0.53704715
S15_Sess02_FB023,0.5273042
S15_Sess02_FB024,0.45446366
S15_Sess02_FB025,0.28034186
S15_Sess02_FB026,0.14444178
S15_Sess02_FB027,0.42011082
S15_Sess02_FB028,0.3250088
S15_Sess02_FB029,0.177369
S15_Sess02_FB030,0.5944369
S15_Sess02_FB031,0.25269127
S15_Sess02_FB032,0.36427176
S15_Sess02_FB033,0.4283725
S15_Sess02_FB034,0.5491943
S15_Sess02_FB035,0.6642989
S15_Sess02_FB036,0.5295457
S15_Sess02_FB037,0.30588645
S15_Sess02_FB038,0.26099193
S15_Sess02_FB039,0.42026985
S15_Sess02_FB040,0.27045584
S15_Sess02_FB041,0.41053277
S15_Sess02_FB042,0.30070466
S15_Sess02_FB043,0.23239869
S15_Sess02_FB044,0.596796
S15_Sess02_FB045,0.40869695
S15_Sess02_FB046,0.23630095
S15_Sess02_FB047,0.23615456
S15_Sess02_FB048,0.5604682
S15_Sess02_FB049,0.45994264
S15_Sess02_FB050,0.64992774
S15_Sess02_FB051,0.15537971
S15_Sess02_FB052,0.3006478
S15_Sess02_FB053,0.24412072
S15_Sess02_FB054,0.58312345
S15_Sess02_FB055,0.20825171
S15_Sess02_FB056,0.35170025
S15_Sess02_FB057,0.22540367
S15_Sess02_FB058,0.44144326
S15_Sess02_FB059,0.31776905
S15_Sess02_FB060,0.38884848
S15_Sess03_FB001,0.5897502
S15_Sess03_FB002,0.34513742
S15_Sess03_FB003,0.46181124
S15_Sess03_FB004,0.48987764
S15_Sess03_FB005,0.4964769
S15_Sess03_FB006,0.6517421
S15_Sess03_FB007,0.38001692
S15_Sess03_FB008,0.7503263
S15_Sess03_FB009,0.56127346
S15_Sess03_FB010,0.32820213
S15_Sess03_FB011,0.5181786
S15_Sess03_FB012,0.53230166
S15_Sess03_FB013,0.25182635
S15_Sess03_FB014,0.55536956
S15_Sess03_FB015,0.26206148
S15_Sess03_FB016,0.40591085
S15_Sess03_FB017,0.6506684
S15_Sess03_FB018,0.24690777
S15_Sess03_FB019,0.4033997
S15_Sess03_FB020,0.35280538
S15_Sess03_FB021,0.44867992
S15_Sess03_FB022,0.3689919
S15_Sess03_FB023,0.36329502
S15_Sess03_FB024,0.60995173
S15_Sess03_FB025,0.2835328
S15_Sess03_FB026,0.7047399
S15_Sess03_FB027,0.2720914
S15_Sess03_FB028,0.16162193
S15_Sess03_FB029,0.5087867
S15_Sess03_FB030,0.4656695
S15_Sess03_FB031,0.52900887
S15_Sess03_FB032,0.21496642
S15_Sess03_FB033,0.26152784
S15_Sess03_FB034,0.3170519
S15_Sess03_FB035,0.38467616
S15_Sess03_FB036,0.5201372
S15_Sess03_FB037,0.3281002
S15_Sess03_FB038,0.58523947
S15_Sess03_FB039,0.6212174
S15_Sess03_FB040,0.39110774
S15_Sess03_FB041,0.31474543
S15_Sess03_FB042,0.4185468
S15_Sess03_FB043,0.26784247
S15_Sess03_FB044,0.2753117
S15_Sess03_FB045,0.42204297
S15_Sess03_FB046,0.39726073
S15_Sess03_FB047,0.38743323
S15_Sess03_FB048,0.53048766
S15_Sess03_FB049,0.33461326
S15_Sess03_FB050,0.19611675
S15_Sess03_FB051,0.4311086
S15_Sess03_FB052,0.5971758
S15_Sess03_FB053,0.39340985
S15_Sess03_FB054,0.39193052
S15_Sess03_FB055,0.46938533
S15_Sess03_FB056,0.27045137
S15_Sess03_FB057,0.5496242
S15_Sess03_FB058,0.5339357
S15_Sess03_FB059,0.50030285
S15_Sess03_FB060,0.52896583
S15_Sess04_FB001,0.5819316
S15_Sess04_FB002,0.30194664
S15_Sess04_FB003,0.34469128
S15_Sess04_FB004,0.52614015
S15_Sess04_FB005,0.3572017
S15_Sess04_FB006,0.1970793
S15_Sess04_FB007,0.23694372
S15_Sess04_FB008,0.41927826
S15_Sess04_FB009,0.28817648
S15_Sess04_FB010,0.27894783
S15_Sess04_FB011,0.4887426
S15_Sess04_FB012,0.65557075
S15_Sess04_FB013,0.40342993
S15_Sess04_FB014,0.42235357
S15_Sess04_FB015,0.34903246
S15_Sess04_FB016,0.4468065
S15_Sess04_FB017,0.39376098
S15_Sess04_FB018,0.48615724
S15_Sess04_FB019,0.33751392
S15_Sess04_FB020,0.48780662
S15_Sess04_FB021,0.39817005
S15_Sess04_FB022,0.6094568
S15_Sess04_FB023,0.3654052
S15_Sess04_FB024,0.40586817
S15_Sess04_FB025,0.35869998
S15_Sess04_FB026,0.43461615
S15_Sess04_FB027,0.44859457
S15_Sess04_FB028,0.45498794
S15_Sess04_FB029,0.50891113
S15_Sess04_FB030,0.15453172
S15_Sess04_FB031,0.48948348
S15_Sess04_FB032,0.50206107
S15_Sess04_FB033,0.5643586
S15_Sess04_FB034,0.66747946
S15_Sess04_FB035,0.39223963
S15_Sess04_FB036,0.32071275
S15_Sess04_FB037,0.32742912
S15_Sess04_FB038,0.5885124
S15_Sess04_FB039,0.36048257
S15_Sess04_FB040,0.3483857
S15_Sess04_FB041,0.21253276
S15_Sess04_FB042,0.4518327
S15_Sess04_FB043,0.49369878
S15_Sess04_FB044,0.35909355
S15_Sess04_FB045,0.36622286
S15_Sess04_FB046,0.295088
S15_Sess04_FB047,0.4442383
S15_Sess04_FB048,0.36187023
S15_Sess04_FB049,0.47792143
S15_Sess04_FB050,0.32124698
S15_Sess04_FB051,0.6037112
S15_Sess04_FB052,0.5224135
S15_Sess04_FB053,0.44951546
S15_Sess04_FB054,0.38777626
S15_Sess04_FB055,0.488082
S15_Sess04_FB056,0.5933902
S15_Sess04_FB057,0.32661575
S15_Sess04_FB058,0.34950006
S15_Sess04_FB059,0.4628337
S15_Sess04_FB060,0.4224863
S15_Sess05_FB001,0.5039227
S15_Sess05_FB002,0.31319922
S15_Sess05_FB003,0.48553455
S15_Sess05_FB004,0.336348
S15_Sess05_FB005,0.39301068
S15_Sess05_FB006,0.37792575
S15_Sess05_FB007,0.377352
S15_Sess05_FB008,0.4040056
S15_Sess05_FB009,0.44186842
S15_Sess05_FB010,0.6060549
S15_Sess05_FB011,0.59170496
S15_Sess05_FB012,0.55454093
S15_Sess05_FB013,0.4404691
S15_Sess05_FB014,0.4150074
S15_Sess05_FB015,0.46311593
S15_Sess05_FB016,0.4272055
S15_Sess05_FB017,0.6285897
S15_Sess05_FB018,0.580416
S15_Sess05_FB019,0.47866112
S15_Sess05_FB020,0.48542893
S15_Sess05_FB021,0.39680672
S15_Sess05_FB022,0.6468127
S15_Sess05_FB023,0.7727909
S15_Sess05_FB024,0.30240315
S15_Sess05_FB025,0.4199106
S15_Sess05_FB026,0.6234683
S15_Sess05_FB027,0.36255604
S15_Sess05_FB028,0.53576577
S15_Sess05_FB029,0.5790179
S15_Sess05_FB030,0.42682725
S15_Sess05_FB031,0.32993835
S15_Sess05_FB032,0.53391904
S15_Sess05_FB033,0.54809064
S15_Sess05_FB034,0.45795488
S15_Sess05_FB035,0.35326928
S15_Sess05_FB036,0.6165795
S15_Sess05_FB037,0.5639094
S15_Sess05_FB038,0.41790128
S15_Sess05_FB039,0.4699031
S15_Sess05_FB040,0.3089524
S15_Sess05_FB041,0.4627993
S15_Sess05_FB042,0.44223034
S15_Sess05_FB043,0.46498418
S15_Sess05_FB044,0.43795574
S15_Sess05_FB045,0.5191572
S15_Sess05_FB046,0.14088356
S15_Sess05_FB047,0.57452905
S15_Sess05_FB048,0.43300784
S15_Sess05_FB049,0.43194282
S15_Sess05_FB050,0.2568971
S15_Sess05_FB051,0.5128497
S15_Sess05_FB052,0.59416604
S15_Sess05_FB053,0.5146494
S15_Sess05_FB054,0.616881
S15_Sess05_FB055,0.23680413
S15_Sess05_FB056,0.34905607
S15_Sess05_FB057,0.34988612
S15_Sess05_FB058,0.68936294
S15_Sess05_FB059,0.33925533
S15_Sess05_FB060,0.31595248
S15_Sess05_FB061,0.4440409
S15_Sess05_FB062,0.44350642
S15_Sess05_FB063,0.39396262
S15_Sess05_FB064,0.5056869
S15_Sess05_FB065,0.4214102
S15_Sess05_FB066,0.3962072
S15_Sess05_FB067,0.42902702
S15_Sess05_FB068,0.5301814
S15_Sess05_FB069,0.3962624
S15_Sess05_FB070,0.4369524
S15_Sess05_FB071,0.5590264
S15_Sess05_FB072,0.51066756
S15_Sess05_FB073,0.4932043
S15_Sess05_FB074,0.5459324
S15_Sess05_FB075,0.38054872
S15_Sess05_FB076,0.5623746
S15_Sess05_FB077,0.19290638
S15_Sess05_FB078,0.42501396
S15_Sess05_FB079,0.4742744
S15_Sess05_FB080,0.44943416
S15_Sess05_FB081,0.55368966
S15_Sess05_FB082,0.5483808
S15_Sess05_FB083,0.6674307
S15_Sess05_FB084,0.3150869
S15_Sess05_FB085,0.4066494
S15_Sess05_FB086,0.5253475
S15_Sess05_FB087,0.539084
S15_Sess05_FB088,0.63954353
S15_Sess05_FB089,0.50509655
S15_Sess05_FB090,0.32141566
S15_Sess05_FB091,0.5065641
S15_Sess05_FB092,0.39220268
S15_Sess05_FB093,0.4348758
S15_Sess05_FB094,0.45333147
S15_Sess05_FB095,0.4414748
S15_Sess05_FB096,0.6311046
S15_Sess05_FB097,0.43888736
S15_Sess05_FB098,0.22921175
S15_Sess05_FB099,0.35136104
S15_Sess05_FB100,0.45836478
S19_Sess01_FB001,0.55740035
S19_Sess01_FB002,0.6795746
S19_Sess01_FB003,0.2698503
S19_Sess01_FB004,0.39302057
S19_Sess01_FB005,0.4414696
S19_Sess01_FB006,0.34259003
S19_Sess01_FB007,0.2869829
S19_Sess01_FB008,0.35645258
S19_Sess01_FB009,0.46461177
S19_Sess01_FB010,0.33165663
S19_Sess01_FB011,0.35681796
S19_Sess01_FB012,0.29964852
S19_Sess01_FB013,0.4148243
S19_Sess01_FB014,0.5116712
S19_Sess01_FB015,0.3364858
S19_Sess01_FB016,0.42010397
S19_Sess01_FB017,0.29835016
S19_Sess01_FB018,0.3653888
S19_Sess01_FB019,0.56824124
S19_Sess01_FB020,0.19043565
S19_Sess01_FB021,0.3364433
S19_Sess01_FB022,0.343198
S19_Sess01_FB023,0.33365232
S19_Sess01_FB024,0.44961202
S19_Sess01_FB025,0.36937517
S19_Sess01_FB026,0.5487002
S19_Sess01_FB027,0.2975117
S19_Sess01_FB028,0.5017493
S19_Sess01_FB029,0.53933156
S19_Sess01_FB030,0.5660367
S19_Sess01_FB031,0.4584669
S19_Sess01_FB032,0.56317914
S19_Sess01_FB033,0.5218685
S19_Sess01_FB034,0.46283776
S19_Sess01_FB035,0.27624834
S19_Sess01_FB036,0.48187184
S19_Sess01_FB037,0.32656342
S19_Sess01_FB038,0.2748354
S19_Sess01_FB039,0.6243669
S19_Sess01_FB040,0.31683695
S19_Sess01_FB041,0.2509187
S19_Sess01_FB042,0.20353782
S19_Sess01_FB043,0.3996753
S19_Sess01_FB044,0.3993067
S19_Sess01_FB045,0.342353
S19_Sess01_FB046,0.40525883
S19_Sess01_FB047,0.53492033
S19_Sess01_FB048,0.30102682
S19_Sess01_FB049,0.5874398
S19_Sess01_FB050,0.3459875
S19_Sess01_FB051,0.3873309
S19_Sess01_FB052,0.29943877
S19_Sess01_FB053,0.44048
S19_Sess01_FB054,0.3920784
S19_Sess01_FB055,0.65212786
S19_Sess01_FB056,0.2294932
S19_Sess01_FB057,0.28045017
S19_Sess01_FB058,0.2834131
S19_Sess01_FB059,0.44753987
S19_Sess01_FB060,0.27537888
S19_Sess02_FB001,0.64845014
S19_Sess02_FB002,0.47190028
S19_Sess02_FB003,0.302527
S19_Sess02_FB004,0.41856253
S19_Sess02_FB005,0.60636467
S19_Sess02_FB006,0.44971675
S19_Sess02_FB007,0.6211244
S19_Sess02_FB008,0.44595557
S19_Sess02_FB009,0.20765823
S19_Sess02_FB010,0.40152842
S19_Sess02_FB011,0.59385
S19_Sess02_FB012,0.33147508
S19_Sess02_FB013,0.6173371
S19_Sess02_FB014,0.3331641
S19_Sess02_FB015,0.31739634
S19_Sess02_FB016,0.31054485
S19_Sess02_FB017,0.2691561
S19_Sess02_FB018,0.33253604
S19_Sess02_FB019,0.3225612
S19_Sess02_FB020,0.24522072
S19_Sess02_FB021,0.25817287
S19_Sess02_FB022,0.15218472
S19_Sess02_FB023,0.37378877
S19_Sess02_FB024,0.3823899
S19_Sess02_FB025,0.3239488
S19_Sess02_FB026,0.36886793
S19_Sess02_FB027,0.45219392
S19_Sess02_FB028,0.58192027
S19_Sess02_FB029,0.38768363
S19_Sess02_FB030,0.27249187
S19_Sess02_FB031,0.42957342
S19_Sess02_FB032,0.39325583
S19_Sess02_FB033,0.23687905
S19_Sess02_FB034,0.47965193
S19_Sess02_FB035,0.5752059
S19_Sess02_FB036,0.48281384
S19_Sess02_FB037,0.55128765
S19_Sess02_FB038,0.3929298
S19_Sess02_FB039,0.441934
S19_Sess02_FB040,0.33826506
S19_Sess02_FB041,0.4396196
S19_Sess02_FB042,0.4988281
S19_Sess02_FB043,0.6854149
S19_Sess02_FB044,0.49309927
S19_Sess02_FB045,0.5351328
S19_Sess02_FB046,0.24432695
S19_Sess02_FB047,0.21342343
S19_Sess02_FB048,0.4028802
S19_Sess02_FB049,0.21163362
S19_Sess02_FB050,0.449916
S19_Sess02_FB051,0.63173616
S19_Sess02_FB052,0.37505507
S19_Sess02_FB053,0.21700615
S19_Sess02_FB054,0.35129648
S19_Sess02_FB055,0.41243023
S19_Sess02_FB056,0.22432923
S19_Sess02_FB057,0.27320415
S19_Sess02_FB058,0.3509835
S19_Sess02_FB059,0.58159786
S19_Sess02_FB060,0.2527271
S19_Sess03_FB001,0.5639094
S19_Sess03_FB002,0.5988917
S19_Sess03_FB003,0.422031
S19_Sess03_FB004,0.51727754
S19_Sess03_FB005,0.3847729
S19_Sess03_FB006,0.3933804
S19_Sess03_FB007,0.2907774
S19_Sess03_FB008,0.39603734
S19_Sess03_FB009,0.40157497
S19_Sess03_FB010,0.57449466
S19_Sess03_FB011,0.3746099
S19_Sess03_FB012,0.21150732
S19_Sess03_FB013,0.7460302
S19_Sess03_FB014,0.4318956
S19_Sess03_FB015,0.49030524
S19_Sess03_FB016,0.30972242
S19_Sess03_FB017,0.15941906
S19_Sess03_FB018,0.47154605
S19_Sess03_FB019,0.21305907
S19_Sess03_FB020,0.27363992
S19_Sess03_FB021,0.4878387
S19_Sess03_FB022,0.668095
S19_Sess03_FB023,0.24746066
S19_Sess03_FB024,0.41039503
S19_Sess03_FB025,0.3552664
S19_Sess03_FB026,0.39080477
S19_Sess03_FB027,0.2619202
S19_Sess03_FB028,0.25820172
S19_Sess03_FB029,0.19745809
S19_Sess03_FB030,0.4533068
S19_Sess03_FB031,0.38141096
S19_Sess03_FB032,0.4427818
S19_Sess03_FB033,0.5009228
S19_Sess03_FB034,0.4782756
S19_Sess03_FB035,0.6628987
S19_Sess03_FB036,0.52632135
S19_Sess03_FB037,0.44076228
S19_Sess03_FB038,0.56391704
S19_Sess03_FB039,0.28453714
S19_Sess03_FB040,0.41260862
S19_Sess03_FB041,0.34843254
S19_Sess03_FB042,0.38346684
S19_Sess03_FB043,0.6092096
S19_Sess03_FB044,0.47592282
S19_Sess03_FB045,0.5679982
S19_Sess03_FB046,0.24975729
S19_Sess03_FB047,0.56879544
S19_Sess03_FB048,0.36176676
S19_Sess03_FB049,0.3419453
S19_Sess03_FB050,0.31859827
S19_Sess03_FB051,0.3750738
S19_Sess03_FB052,0.55695283
S19_Sess03_FB053,0.32801074
S19_Sess03_FB054,0.57336843
S19_Sess03_FB055,0.612937
S19_Sess03_FB056,0.62255377
S19_Sess03_FB057,0.5533157
S19_Sess03_FB058,0.6363385
S19_Sess03_FB059,0.47351593
S19_Sess03_FB060,0.3946048
S19_Sess04_FB001,0.4400146
S19_Sess04_FB002,0.41640043
S19_Sess04_FB003,0.46624762
S19_Sess04_FB004,0.2632771
S19_Sess04_FB005,0.36992234
S19_Sess04_FB006,0.3026845
S19_Sess04_FB007,0.26786816
S19_Sess04_FB008,0.6788237
S19_Sess04_FB009,0.5319688
S19_Sess04_FB010,0.40700185
S19_Sess04_FB011,0.25691354
S19_Sess04_FB012,0.34468728
S19_Sess04_FB013,0.17915004
S19_Sess04_FB014,0.47774076
S19_Sess04_FB015,0.44610023
S19_Sess04_FB016,0.30131698
S19_Sess04_FB017,0.5690364
S19_Sess04_FB018,0.29288846
S19_Sess04_FB019,0.37962842
S19_Sess04_FB020,0.3293442
S19_Sess04_FB021,0.38060004
S19_Sess04_FB022,0.31722414
S19_Sess04_FB023,0.28815633
S19_Sess04_FB024,0.40411937
S19_Sess04_FB025,0.5122865
S19_Sess04_FB026,0.26403612
S19_Sess04_FB027,0.6633346
S19_Sess04_FB028,0.18908823
S19_Sess04_FB029,0.3069415
S19_Sess04_FB030,0.27733362
S19_Sess04_FB031,0.47573632
S19_Sess04_FB032,0.65937763
S19_Sess04_FB033,0.453179
S19_Sess04_FB034,0.5806314
S19_Sess04_FB035,0.67794204
S19_Sess04_FB036,0.5545603
S19_Sess04_FB037,0.36104733
S19_Sess04_FB038,0.55774415
S19_Sess04_FB039,0.43341982
S19_Sess04_FB040,0.16438287
S19_Sess04_FB041,0.33765888
S19_Sess04_FB042,0.2944129
S19_Sess04_FB043,0.28077102
S19_Sess04_FB044,0.35547996
S19_Sess04_FB045,0.50028926
S19_Sess04_FB046,0.53532916
S19_Sess04_FB047,0.52099234
S19_Sess04_FB048,0.2126053
S19_Sess04_FB049,0.5322807
S19_Sess04_FB050,0.6052561
S19_Sess04_FB051,0.43606216
S19_Sess04_FB052,0.39050412
S19_Sess04_FB053,0.19338214
S19_Sess04_FB054,0.2336123
S19_Sess04_FB055,0.45338547
S19_Sess04_FB056,0.4344285
S19_Sess04_FB057,0.6792191
S19_Sess04_FB058,0.46550494
S19_Sess04_FB059,0.6087365
S19_Sess04_FB060,0.5263527
S19_Sess05_FB001,0.40028208
S19_Sess05_FB002,0.4755078
S19_Sess05_FB003,0.6114402
S19_Sess05_FB004,0.57515264
S19_Sess05_FB005,0.5467421
S19_Sess05_FB006,0.3905751
S19_Sess05_FB007,0.3680703
S19_Sess05_FB008,0.2329979
S19_Sess05_FB009,0.5259104
S19_Sess05_FB010,0.48088074
S19_Sess05_FB011,0.5242002
S19_Sess05_FB012,0.4693951
S19_Sess05_FB013,0.54277444
S19_Sess05_FB014,0.3629393
S19_Sess05_FB015,0.3944993
S19_Sess05_FB016,0.38097322
S19_Sess05_FB017,0.28492504
S19_Sess05_FB018,0.51907617
S19_Sess05_FB019,0.4012295
S19_Sess05_FB020,0.49689853
S19_Sess05_FB021,0.21894675
S19_Sess05_FB022,0.34157807
S19_Sess05_FB023,0.24735987
S19_Sess05_FB024,0.24327666
S19_Sess05_FB025,0.29341567
S19_Sess05_FB026,0.6396517
S19_Sess05_FB027,0.61069846
S19_Sess05_FB028,0.26085263
S19_Sess05_FB029,0.40035415
S19_Sess05_FB030,0.5556839
S19_Sess05_FB031,0.46890205
S19_Sess05_FB032,0.4253258
S19_Sess05_FB033,0.5006108
S19_Sess05_FB034,0.55805683
S19_Sess05_FB035,0.47778606
S19_Sess05_FB036,0.5508187
S19_Sess05_FB037,0.5098897
S19_Sess05_FB038,0.3772394
S19_Sess05_FB039,0.64808524
S19_Sess05_FB040,0.50752664
S19_Sess05_FB041,0.45592523
S19_Sess05_FB042,0.37750685
S19_Sess05_FB043,0.52104443
S19_Sess05_FB044,0.46373457
S19_Sess05_FB045,0.36316383
S19_Sess05_FB046,0.35484928
S19_Sess05_FB047,0.5102299
S19_Sess05_FB048,0.41800302
S19_Sess05_FB049,0.39270002
S19_Sess05_FB050,0.689888
S19_Sess05_FB051,0.41410834
S19_Sess05_FB052,0.3271156
S19_Sess05_FB053,0.5560417
S19_Sess05_FB054,0.4687525
S19_Sess05_FB055,0.3680284
S19_Sess05_FB056,0.44584823
S19_Sess05_FB057,0.359711
S19_Sess05_FB058,0.52623427
S19_Sess05_FB059,0.6057911
S19_Sess05_FB060,0.5888959
S19_Sess05_FB061,0.40490067
S19_Sess05_FB062,0.36585408
S19_Sess05_FB063,0.6108438
S19_Sess05_FB064,0.48539084
S19_Sess05_FB065,0.38751936
S19_Sess05_FB066,0.63458085
S19_Sess05_FB067,0.40635252
S19_Sess05_FB068,0.32943285
S19_Sess05_FB069,0.47024637
S19_Sess05_FB070,0.4831975
S19_Sess05_FB071,0.3287239
S19_Sess05_FB072,0.38143086
S19_Sess05_FB073,0.5601889
S19_Sess05_FB074,0.56059754
S19_Sess05_FB075,0.40277255
S19_Sess05_FB076,0.42445773
S19_Sess05_FB077,0.2174071
S19_Sess05_FB078,0.43488395
S19_Sess05_FB079,0.45002264
S19_Sess05_FB080,0.532738
S19_Sess05_FB081,0.21971762
S19_Sess05_FB082,0.30856258
S19_Sess05_FB083,0.25192958
S19_Sess05_FB084,0.31656742
S19_Sess05_FB085,0.41036332
S19_Sess05_FB086,0.36356825
S19_Sess05_FB087,0.45984542
S19_Sess05_FB088,0.23387659
S19_Sess05_FB089,0.49730283
S19_Sess05_FB090,0.609235
S19_Sess05_FB091,0.36939776
S19_Sess05_FB092,0.5921971
S19_Sess05_FB093,0.29024005
S19_Sess05_FB094,0.3406117
S19_Sess05_FB095,0.6547281
S19_Sess05_FB096,0.45766538
S19_Sess05_FB097,0.65556234
S19_Sess05_FB098,0.3595289
S19_Sess05_FB099,0.31429243
S19_Sess05_FB100,0.5000607
S25_Sess01_FB001,0.24520916
S25_Sess01_FB002,0.20796084
S25_Sess01_FB003,0.68033266
S25_Sess01_FB004,0.6554485
S25_Sess01_FB005,0.50243634
S25_Sess01_FB006,0.37163305
S25_Sess01_FB007,0.4547795
S25_Sess01_FB008,0.48643327
S25_Sess01_FB009,0.32526523
S25_Sess01_FB010,0.32111543
S25_Sess01_FB011,0.41299522
S25_Sess01_FB012,0.3424648
S25_Sess01_FB013,0.36487216
S25_Sess01_FB014,0.40782672
S25_Sess01_FB015,0.21017933
S25_Sess01_FB016,0.38000458
S25_Sess01_FB017,0.25461173
S25_Sess01_FB018,0.32335663
S25_Sess01_FB019,0.5025661
S25_Sess01_FB020,0.26046467
S25_Sess01_FB021,0.14307058
S25_Sess01_FB022,0.41393512
S25_Sess01_FB023,0.38310993
S25_Sess01_FB024,0.34833938
S25_Sess01_FB025,0.33877563
S25_Sess01_FB026,0.5265738
S25_Sess01_FB027,0.356313
S25_Sess01_FB028,0.41175425
S25_Sess01_FB029,0.4361723
S25_Sess01_FB030,0.34890407
S25_Sess01_FB031,0.7377203
S25_Sess01_FB032,0.36269063
S25_Sess01_FB033,0.5245607
S25_Sess01_FB034,0.38436073
S25_Sess01_FB035,0.36655098
S25_Sess01_FB036,0.32428974
S25_Sess01_FB037,0.46410125
S25_Sess01_FB038,0.28366053
S25_Sess01_FB039,0.565122
S25_Sess01_FB040,0.39362478
S25_Sess01_FB041,0.39126658
S25_Sess01_FB042,0.31430572
S25_Sess01_FB043,0.661624
S25_Sess01_FB044,0.48309338
S25_Sess01_FB045,0.34996372
S25_Sess01_FB046,0.17808235
S25_Sess01_FB047,0.187917
S25_Sess01_FB048,0.397731
S25_Sess01_FB049,0.39459795
S25_Sess01_FB050,0.10153109
S25_Sess01_FB051,0.56889564
S25_Sess01_FB052,0.36334938
S25_Sess01_FB053,0.27247727
S25_Sess01_FB054,0.35221106
S25_Sess01_FB055,0.3492819
S25_Sess01_FB056,0.5289384
S25_Sess01_FB057,0.30192864
S25_Sess01_FB058,0.3588493
S25_Sess01_FB059,0.35915554
S25_Sess01_FB060,0.44229418
S25_Sess02_FB001,0.3982963
S25_Sess02_FB002,0.25780505
S25_Sess02_FB003,0.35067064
S25_Sess02_FB004,0.23341388
S25_Sess02_FB005,0.39806634
S25_Sess02_FB006,0.27211148
S25_Sess02_FB007,0.32223582
S25_Sess02_FB008,0.5427104
S25_Sess02_FB009,0.3599667
S25_Sess02_FB010,0.32567078
S25_Sess02_FB011,0.36754447
S25_Sess02_FB012,0.34753186
S25_Sess02_FB013,0.43863994
S25_Sess02_FB014,0.5108306
S25_Sess02_FB015,0.35583848
S25_Sess02_FB016,0.56635624
S25_Sess02_FB017,0.4569512
S25_Sess02_FB018,0.34002292
S25_Sess02_FB019,0.49846166
S25_Sess02_FB020,0.53998053
S25_Sess02_FB021,0.34435564
S25_Sess02_FB022,0.6524976
S25_Sess02_FB023,0.37765992
S25_Sess02_FB024,0.50289565
S25_Sess02_FB025,0.3367641
S25_Sess02_FB026,0.31770045
S25_Sess02_FB027,0.3297649
S25_Sess02_FB028,0.28382874
S25_Sess02_FB029,0.27136707
S25_Sess02_FB030,0.32701844
S25_Sess02_FB031,0.29164302
S25_Sess02_FB032,0.51190114
S25_Sess02_FB033,0.5879698
S25_Sess02_FB034,0.5377144
S25_Sess02_FB035,0.5705131
S25_Sess02_FB036,0.18880892
S25_Sess02_FB037,0.2360512
S25_Sess02_FB038,0.20652908
S25_Sess02_FB039,0.31309438
S25_Sess02_FB040,0.41911036
S25_Sess02_FB041,0.6425028
S25_Sess02_FB042,0.5420269
S25_Sess02_FB043,0.44365197
S25_Sess02_FB044,0.42231196
S25_Sess02_FB045,0.435233
S25_Sess02_FB046,0.57274437
S25_Sess02_FB047,0.36855203
S25_Sess02_FB048,0.27511793
S25_Sess02_FB049,0.20098102
S25_Sess02_FB050,0.4582742
S25_Sess02_FB051,0.35454267
S25_Sess02_FB052,0.3953215
S25_Sess02_FB053,0.4390176
S25_Sess02_FB054,0.44378728
S25_Sess02_FB055,0.21487266
S25_Sess02_FB056,0.28456795
S25_Sess02_FB057,0.6766963
S25_Sess02_FB058,0.26433736
S25_Sess02_FB059,0.4432469
S25_Sess02_FB060,0.2821135
S25_Sess03_FB001,0.45850015
S25_Sess03_FB002,0.45538366
S25_Sess03_FB003,0.49206704
S25_Sess03_FB004,0.5345476
S25_Sess03_FB005,0.32502508
S25_Sess03_FB006,0.43791395
S25_Sess03_FB007,0.2950771
S25_Sess03_FB008,0.40271556
S25_Sess03_FB009,0.34418744
S25_Sess03_FB010,0.2315293
S25_Sess03_FB011,0.301215
S25_Sess03_FB012,0.53653944
S25_Sess03_FB013,0.7109458
S25_Sess03_FB014,0.4841196
S25_Sess03_FB015,0.22562456
S25_Sess03_FB016,0.29200906
S25_Sess03_FB017,0.19031632
S25_Sess03_FB018,0.3307069
S25_Sess03_FB019,0.42740685
S25_Sess03_FB020,0.30475402
S25_Sess03_FB021,0.49076337
S25_Sess03_FB022,0.2610622
S25_Sess03_FB023,0.6339358
S25_Sess03_FB024,0.43277836
S25_Sess03_FB025,0.40087676
S25_Sess03_FB026,0.5998426
S25_Sess03_FB027,0.32602394
S25_Sess03_FB028,0.4284814
S25_Sess03_FB029,0.18639684
S25_Sess03_FB030,0.45618755
S25_Sess03_FB031,0.44070345
S25_Sess03_FB032,0.3049711
S25_Sess03_FB033,0.36359596
S25_Sess03_FB034,0.28632784
S25_Sess03_FB035,0.3985299
S25_Sess03_FB036,0.3837847
S25_Sess03_FB037,0.4694329
S25_Sess03_FB038,0.5272974
S25_Sess03_FB039,0.369232
S25_Sess03_FB040,0.570629
S25_Sess03_FB041,0.1654836
S25_Sess03_FB042,0.36920458
S25_Sess03_FB043,0.2136749
S25_Sess03_FB044,0.4483589
S25_Sess03_FB045,0.2957518
S25_Sess03_FB046,0.6214889
S25_Sess03_FB047,0.44011158
S25_Sess03_FB048,0.34299177
S25_Sess03_FB049,0.42624336
S25_Sess03_FB050,0.23040104
S25_Sess03_FB051,0.58246017
S25_Sess03_FB052,0.31921035
S25_Sess03_FB053,0.36075914
S25_Sess03_FB054,0.4010086
S25_Sess03_FB055,0.65271866
S25_Sess03_FB056,0.64389586
S25_Sess03_FB057,0.23592263
S25_Sess03_FB058,0.40827256
S25_Sess03_FB059,0.46188444
S25_Sess03_FB060,0.24163508
S25_Sess04_FB001,0.35608935
S25_Sess04_FB002,0.30776864
S25_Sess04_FB003,0.30487376
S25_Sess04_FB004,0.32279605
S25_Sess04_FB005,0.10568696
S25_Sess04_FB006,0.5388311
S25_Sess04_FB007,0.3142177
S25_Sess04_FB008,0.31252873
S25_Sess04_FB009,0.4590934
S25_Sess04_FB010,0.3077262
S25_Sess04_FB011,0.26993287
S25_Sess04_FB012,0.30209148
S25_Sess04_FB013,0.2824397
S25_Sess04_FB014,0.42452806
S25_Sess04_FB015,0.21594042
S25_Sess04_FB016,0.5831423
S25_Sess04_FB017,0.47281325
S25_Sess04_FB018,0.25000262
S25_Sess04_FB019,0.6075789
S25_Sess04_FB020,0.40431052
S25_Sess04_FB021,0.18120587
S25_Sess04_FB022,0.2786823
S25_Sess04_FB023,0.5318851
S25_Sess04_FB024,0.56058955
S25_Sess04_FB025,0.13964272
S25_Sess04_FB026,0.30309623
S25_Sess04_FB027,0.43053496
S25_Sess04_FB028,0.32273
S25_Sess04_FB029,0.5906055
S25_Sess04_FB030,0.28030252
S25_Sess04_FB031,0.37576365
S25_Sess04_FB032,0.24969739
S25_Sess04_FB033,0.29717016
S25_Sess04_FB034,0.2704997
S25_Sess04_FB035,0.51396585
S25_Sess04_FB036,0.26258898
S25_Sess04_FB037,0.42882514
S25_Sess04_FB038,0.6131922
S25_Sess04_FB039,0.26426584
S25_Sess04_FB040,0.35975897
S25_Sess04_FB041,0.40544194
S25_Sess04_FB042,0.3821246
S25_Sess04_FB043,0.26683974
S25_Sess04_FB044,0.21033871
S25_Sess04_FB045,0.24086088
S25_Sess04_FB046,0.3838464
S25_Sess04_FB047,0.24824184
S25_Sess04_FB048,0.3623215
S25_Sess04_FB049,0.36141074
S25_Sess04_FB050,0.5159892
S25_Sess04_FB051,0.41126752
S25_Sess04_FB052,0.4327988
S25_Sess04_FB053,0.5142952
S25_Sess04_FB054,0.446181
S25_Sess04_FB055,0.45264697
S25_Sess04_FB056,0.3545375
S25_Sess04_FB057,0.42120236
S25_Sess04_FB058,0.31446606
S25_Sess04_FB059,0.59069985
S25_Sess04_FB060,0.3610257
S25_Sess05_FB001,0.49784046
S25_Sess05_FB002,0.42027396
S25_Sess05_FB003,0.34799868
S25_Sess05_FB004,0.53033817
S25_Sess05_FB005,0.6031648
S25_Sess05_FB006,0.3731165
S25_Sess05_FB007,0.29672015
S25_Sess05_FB008,0.45911902
S25_Sess05_FB009,0.6454793
S25_Sess05_FB010,0.46940994
S25_Sess05_FB011,0.48969167
S25_Sess05_FB012,0.41726458
S25_Sess05_FB013,0.4028172
S25_Sess05_FB014,0.5702862
S25_Sess05_FB015,0.30597514
S25_Sess05_FB016,0.35195416
S25_Sess05_FB017,0.5445255
S25_Sess05_FB018,0.34529305
S25_Sess05_FB019,0.46077037
S25_Sess05_FB020,0.43250477
S25_Sess05_FB021,0.23058522
S25_Sess05_FB022,0.4894989
S25_Sess05_FB023,0.5350523
S25_Sess05_FB024,0.31939912
S25_Sess05_FB025,0.6690749
S25_Sess05_FB026,0.17831546
S25_Sess05_FB027,0.38259876
S25_Sess05_FB028,0.4625274
S25_Sess05_FB029,0.5274588
S25_Sess05_FB030,0.43613994
S25_Sess05_FB031,0.49991232
S25_Sess05_FB032,0.41436553
S25_Sess05_FB033,0.42984217
S25_Sess05_FB034,0.4012801
S25_Sess05_FB035,0.44606042
S25_Sess05_FB036,0.55075914
S25_Sess05_FB037,0.27842188
S25_Sess05_FB038,0.45070523
S25_Sess05_FB039,0.5882887
S25_Sess05_FB040,0.44666356
S25_Sess05_FB041,0.3794809
S25_Sess05_FB042,0.42903137
S25_Sess05_FB043,0.3358246
S25_Sess05_FB044,0.24765992
S25_Sess05_FB045,0.2174362
S25_Sess05_FB046,0.3655551
S25_Sess05_FB047,0.27791506
S25_Sess05_FB048,0.41426063
S25_Sess05_FB049,0.34227073
S25_Sess05_FB050,0.5074893
S25_Sess05_FB051,0.59096766
S25_Sess05_FB052,0.35097617
S25_Sess05_FB053,0.3239066
S25_Sess05_FB054,0.20591581
S25_Sess05_FB055,0.6005913
S25_Sess05_FB056,0.4204911
S25_Sess05_FB057,0.52228296
S25_Sess05_FB058,0.29907924
S25_Sess05_FB059,0.31899804
S25_Sess05_FB060,0.64364356
S25_Sess05_FB061,0.39232922
S25_Sess05_FB062,0.39881402
S25_Sess05_FB063,0.4689046
S25_Sess05_FB064,0.31510764
S25_Sess05_FB065,0.34862953
S25_Sess05_FB066,0.49269456
S25_Sess05_FB067,0.5759761
S25_Sess05_FB068,0.40874374
S25_Sess05_FB069,0.4113978
S25_Sess05_FB070,0.5470243
S25_Sess05_FB071,0.69296134
S25_Sess05_FB072,0.58655274
S25_Sess05_FB073,0.33564007
S25_Sess05_FB074,0.3589568
S25_Sess05_FB075,0.53524756
S25_Sess05_FB076,0.381357
S25_Sess05_FB077,0.6372693
S25_Sess05_FB078,0.25702
S25_Sess05_FB079,0.47418064
S25_Sess05_FB080,0.5757245
S25_Sess05_FB081,0.2619351
S25_Sess05_FB082,0.42198658
S25_Sess05_FB083,0.36757755
S25_Sess05_FB084,0.33138078
S25_Sess05_FB085,0.3300776
S25_Sess05_FB086,0.5453186
S25_Sess05_FB087,0.30781406
S25_Sess05_FB088,0.40242374
S25_Sess05_FB089,0.51768136
S25_Sess05_FB090,0.31626153
S25_Sess05_FB091,0.40814567
S25_Sess05_FB092,0.18763703
S25_Sess05_FB093,0.45681888
S25_Sess05_FB094,0.40199292
S25_Sess05_FB095,0.32198334
S25_Sess05_FB096,0.36647874
S25_Sess05_FB097,0.46984613
S25_Sess05_FB098,0.3019392
S25_Sess05_FB099,0.47864842
S25_Sess05_FB100,0.36565554
